1,PRORRIDRE,CONTROL PATRIMONIAL,ALMACEN CENTRAL,8,0,6
2,PRORRIDRE,CONTROL PATRIMONIAL,DIRECCION DE OBRAS,121,0,32
3,ALMACEN TALLER MAESTRANZA - ILLPA,CONTROL PATRIMONIAL,ALMACEN GRANDE,150,140,14
4,PRORRIDRE,CONTROL PATRIMONIAL,ARCHIVO,27,0,26
5,PRORRIDRE,CONTROL PATRIMONIAL,ASESORIA LEGAL,14,12,1
6,ALMACEN TALLER MAESTRANZA - ILLPA,CONTROL PATRIMONIAL,CASETA 724,154,279,6
7,ALMACEN TALLER MAESTRANZA - ILLPA,CONTROL PATRIMONIAL,CASETA 725,1,1,0
8,ALMACEN TALLER MAESTRANZA - ILLPA,CONTROL PATRIMONIAL,CASETA 726,2,2,0
9,ALMACEN TALLER MAESTRANZA - ILLPA,CONTROL PATRIMONIAL,CASETA 727,3,4,1
10,ALMACEN TALLER MAESTRANZA - ILLPA,CONTROL PATRIMONIAL,CASETA 728,1,1,0
11,ALMACEN TALLER MAESTRANZA - ILLPA,CONTROL PATRIMONIAL,CASETA 738,30,30,0
12,ALMACEN TALLER MAESTRANZA - ILLPA,CONTROL PATRIMONIAL,CASETA 740,5,0,4
13,ALMACEN TALLER MAESTRANZA - ILLPA,CONTROL PATRIMONIAL,CASETA 744,7,7,0
14,ALMACEN TALLER MAESTRANZA - ILLPA,CONTROL PATRIMONIAL,CASETA 749,105,0,104
15,ALMACEN TALLER MAESTRANZA - ILLPA,CONTROL PATRIMONIAL,CASETA 750,47,0,46
16,ALMACEN TALLER MAESTRANZA - ILLPA,CONTROL PATRIMONIAL,CONTENEDOR 573,14,15,0
17,ALMACEN TALLER MAESTRANZA - ILLPA,CONTROL PATRIMONIAL,CONTENEDOR 578,1,0,1
18,ALMACEN TALLER MAESTRANZA - ILLPA,CONTROL PATRIMONIAL,CONTENEDOR 579,10,11,0
19,ALMACEN TALLER MAESTRANZA - ILLPA,CONTROL PATRIMONIAL,CONTENEDOR 580,3,5,0
20,ALMACEN TALLER MAESTRANZA - ILLPA,CONTROL PATRIMONIAL,CONTENEDOR 581,2,2,0
21,PRORRIDRE,CONTROL PATRIMONIAL,DIRECCION DE ADMINISTRACION,31,18,13
22,PRORRIDRE,CONTROL PATRIMONIAL,DIRECCION DE ESTUDIOS Y PROYECTOS,189,183,4
23,PRORRIDRE,CONTROL PATRIMONIAL,DIRECCION DE PLANIFICACION Y PRESUPUESTO,29,30,0
24,PRORRIDRE,CONTROL PATRIMONIAL,DIRECCION EJECUTIVA,59,55,4
25,ALMACEN TALLER MAESTRANZA - ILLPA,CONTROL PATRIMONIAL,ESTABLO DE GUARDIAN,41,29,4
26,ALMACEN TALLER MAESTRANZA - ILLPA,CONTROL PATRIMONIAL,GUARDIANIA,16,0,12
27,PRORRIDRE,CONTROL PATRIMONIAL,IMAGEN INSTITUCIONAL,29,27,1
28,PRORRIDRE,CONTROL PATRIMONIAL,LABORATORIO DE SUELOS,67,0,66
29,ALMACEN TALLER MAESTRANZA - ILLPA,CONTROL PATRIMONIAL,MINIBUS,31,39,2
30,PRORRIDRE,CONTROL PATRIMONIAL,OFICINA DE LIQUIDACION,48,32,7
31,ALMACEN TALLER MAESTRANZA - ILLPA,CONTROL PATRIMONIAL,PATIO ILLPA,108,133,8
32,ALMACEN TALLER MAESTRANZA - ILLPA,CONTROL PATRIMONIAL,TALLER ILLPA,355,334,44
33,PRORRIDRE,CONTROL PATRIMONIAL,UNIDAD DE ABASTECIMIENTO,71,66,10
34,PRORRIDRE,CONTROL PATRIMONIAL,UNIDAD DE CONTABILIDAD,25,27,1
35,PRORRIDRE,CONTROL PATRIMONIAL,UNIDAD DE PATRIMONIO Y ALMACEN,689,1,508
37,PRORRIDRE,CONTROL PATRIMONIAL,DIRECCION DE OBRAS,32,39,15
38,PRORRIDRE,CONTROL PATRIMONIAL,ERROR REGISTRO,54,0,54
39,PRORRIDRE,CONTROL PATRIMONIAL,NUEVO,18,0,18
40,PRORRIDRE,CONTROL PATRIMONIAL,SIN REGISTRO,847,1,824
41,PRORRIDRE,CONTROL PATRIMONIAL,BIENES FALTANTES AL 2020,585,0,512
42,PRORRIDRE,CONTROL PATRIMONIAL,CESION EN USO,1,0,1
43,PRORRIDRE,CONTROL PATRIMONIAL,UNIDAD DE PERSONAL,31,31,1
44,PRORRIDRE,CONTROL PATRIMONIAL,UNIDAD DE TESORERIA,35,37,0
45,PRORRIDRE,DIRECCION DE OBRAS,OFICINA 1,0,41,0
46,PRORRIDRE-OBRAS,DIRECCION DE OBRAS,VILQUECHICO,0,1,0
47,PRORRIDRE,DIRECCION DE OBRAS,OFICINA 2,0,33,0
48,PRORRIDRE,CONTROL PATRIMONIAL,CASETA 03,0,46,0
55,PRORRIDRE,CONTROL PATRIMONIAL,META N° 04,0,3,0
56,PRORRIDRE,CONTROL PATRIMONIAL,META N° 17,0,2,0
57,PRORRIDRE,CONTROL PATRIMONIAL,META N° 23,0,15,0
58,PRORRIDRE,CONTROL PATRIMONIAL,META N° 26,0,14,0
,,,,0,0,0
,,,TOTALES,4096,1746,2350
