6,ESCRITORIO DE MADERA,04/03/2023 11:50:10,,,,CAFE,M,,,,U,SANEAR,31/12/2021,161
6,LAMPARA TIPO PETROMAX,04/03/2023 15:28:12,,,,,M,,,,U,O/C Nº 322,30/06/1995,409
6,TANQUE ABLANDADOR DE AGUA,04/03/2023 13:03:25,,,,,M,,,,U,SANEAR,31/12/2021,680
6,TANQUE DE ACERO INOXIDABLE (MAYOR A 1/8 UIT),04/03/2023 12:46:20,,,,,M,,,,U,VERIFICAR,31/12/2021,682
6,ACUMULADOR DE ENERGIA - EQUIPO DE UPS,04/03/2023 11:53:33,ANVIL,,753-93DE500WT,BLANCO,M,,,,U,SANEAR,31/12/2021,785
6,BALANZA DE PLATAFORMA,04/03/2023 11:53:24,,,,VERDE,M,,,,U,SANEAR,31/12/2021,786
6,BOMBA DE SUCCION,04/03/2023 12:02:04,10JD140X7,2135AN,,PLOMO,M,,,,U,SANEAR,31/12/2021,787
6,CALCULADORA ELECTRICA,04/03/2023 12:45:35,OLIVETTI,7189787,6460780,PLOMO/VERDE,M,,,,U,SANEAR,31/12/2021,788
6,CALCULADORA ELECTRICA,04/03/2023 12:47:06,CASIO,F2,62450,BLANCO,M,,,,U,SANEAR,31/12/2021,789
6,CALCULADORA ELECTRICA,04/03/2023 12:43:41,CASIO,F2,90322393,BLANCO,M,,,,U,SANEAR,31/12/2021,790
6,CALCULADORA ELECTRICA,04/03/2023 12:47:16,CASIO,F2,9032397,BLANCO,M,,,,U,SANEAR,31/12/2021,791
6,CALCULADORA ELECTRICA,04/03/2023 12:45:11,CASIO,FR-1211,6312944,AMARILLO,M,,,,U,SANEAR,31/12/2021,792
6,CALCULADORA ELECTRICA,04/03/2023 12:43:22,FACIT,2263,6460797,BLANCO,M,,,,U,SANEAR,31/12/2021,793
6,CALCULADORA ELECTRICA,04/03/2023 12:47:39,FACIT,2263,6120553,CREMA,M,,,,U,SANEAR,31/12/2021,794
6,CALCULADORA ELECTRICA,04/03/2023 12:45:21,FACIT,2263,6120690,CREMA,M,,,,U,SANEAR,31/12/2021,795
6,CALCULADORA ELECTRICA,04/03/2023 12:43:33,FACIT,2263,6460809,CREMA,M,,,,U,SANEAR,31/12/2021,797
6,CALCULADORA ELECTRICA,04/03/2023 12:45:45,OLIVETTI,NEW LOGOCART 40,S1821536,VERDE,M,,,,U,SANEAR,31/12/2021,798
6,CALCULADORA ELECTRICA,04/03/2023 12:47:33,OLIVETTI,H057,A6-61837,PLOMO,M,,,,U,SANEAR,31/12/2021,799
6,CALCULADORA ELECTRICA,04/03/2023 12:44:43,TOWA,121MAP,3240493,PLOMO/BLANCO,M,,,,U,SANEAR,31/12/2021,800
6,CALCULADORA ELECTRICA,04/03/2023 13:36:02,TOWA,,7189784,BLANCO,M,,,,U,SANEAR,31/12/2021,801
6,CAMARA FOTOGRAFICA,04/03/2023 12:41:11,,,6120553,NEGRO,M,,,,U,SANEAR,31/12/2021,802
6,DISCO DE PLATINO,04/03/2023 12:41:37,NEC,FD-1231H,,BLANCO/PLOMO,M,,,,U,SANEAR,31/12/2021,804
6,DISCO DE PLATINO,04/03/2023 12:41:24,EPSON,SD-600,P0041261,BLANCO/PLOMO,M,,,,U,SANEAR,31/12/2021,805
6,ESCANER DE RED,04/03/2023 12:31:41,EPSON,G54A,1CZ0008848,BLANCO,M,,,,U,SANEAR,31/12/2021,806
6,ESCRITORIO DE MADERA,04/03/2023 11:52:08,,,,CAFÉ,M,,,,U,O/C Nº 8,29/01/1996,807
6,ESTANTE DE MADERA,04/03/2023 12:39:28,,3 NIVELES,,AMARILLO/CAOBA,M,1 DIVISION,,,U,O/C Nº 8-00166,25/05/2010,809
6,ESTANTE DE MADERA,04/03/2023 11:37:19,,3 NIVELES,,AMARILLO/CAOBA,M,1 DIVISION,,,U,SANEAR,31/12/2021,810
6,ESTUFA ELECTRICA,04/03/2023 12:33:02,FAEDI,RAYOMATIC,,ROJO,M,,,,U,SANEAR,31/12/2021,811
6,ESTUFA ELECTRICA,04/03/2023 12:32:52,FAEDI,,,ROJO,M,,,,U,SANEAR,31/12/2021,812
6,ESTUFA ELECTRICA,04/03/2023 12:32:42,,,,ROJO,M,,,,U,SANEAR,31/12/2021,813
6,FACSIMIL,04/03/2023 11:37:24,PANASONIC,KFK-50,2KAHD 306082,NEGRO,M,,,,U,SANEAR,31/12/2021,814
6,FOTOCOPIADORA EN GENERAL,04/03/2023 11:50:02,MITA,DC 3055,316958,BLANCO,M,,,,U,O/C Nº 284,28/11/2003,815
6,FOTOCOPIADORA EN GENERAL,04/03/2023 12:31:50,PRINCE FAN,UIZAO,46011013,BLANCO/PLOMO,M,,,,U,SANEAR,31/12/2021,816
6,FOTOCOPIADORA EN GENERAL,04/03/2023 11:52:13,ROYAL,28031ZMR,,BLANCO,M,,,,U,SANEAR,31/12/2021,817
6,IMPRESORA (OTRAS),04/03/2023 11:21:29,EPSON,FX 1170 - FX-10,DE10163010,BLANCO,M,,,,U,SANEAR,31/12/2021,818
6,IMPRESORA (OTRAS),04/03/2023 11:20:03,EPSON,FX-1050,DE11362267,BLANCO,M,,,,U,SANEAR,31/12/2021,819
6,IMPRESORA A INYECCION DE TINTA,04/03/2023 12:29:16,HP,C2168A,SG420140ZD,BLANCO,M,,,,U,SANEAR,31/12/2021,820
6,IMPRESORA LASER,04/03/2023 12:29:23,EPSON,FX 1170 - L160A,1D50105914,BLANCO,M,,,,U,SANEAR,31/12/2021,821
6,IMPRESORA MATRIZ DE PUNTO,04/03/2023 11:26:01,EPSON,FX-1170,6211498273,BLANCO,M,,,,U,SANEAR,31/12/2021,822
6,IMPRESORA MATRIZ DE PUNTO,04/03/2023 11:19:33,EPSON,LQ-1070,1K210071799,BLANCO,M,,,,U,O/C Nª 000998,29/12/1995,823
6,IMPRESORA MATRIZ DE PUNTO,04/03/2023 11:30:55,EPSON,LX300,1YLY,BLANCO,M,,,,U,O/C Nª 340,30/06/1995,824
6,IMPRESORA MATRIZ DE PUNTO,04/03/2023 11:22:11,EPSON,FX-1170,6211498267,BLANCO,M,,,,U,O/C Nª 000764,29/09/1995,825
6,IMPRESORA MATRIZ DE PUNTO,04/03/2023 11:20:44,EPSON,LQ1170,4161213624,BLANCO,M,,,,U,SANEAR,31/12/2021,826
6,IMPRESORA MATRIZ DE PUNTO,04/03/2023 11:20:21,EPSON,FX-1170,1K0104731,BLANCO,M,,,,U,SANEAR,31/12/2021,827
6,IMPRESORA MATRIZ DE PUNTO,04/03/2023 11:26:09,EPSON,FX-1170,1KD1034497,BLANCO,M,,,,U,SANEAR,31/12/2021,828
6,IMPRESORA MATRIZ DE PUNTO,04/03/2023 11:23:07,EPSON,FX-1170,6211142334,BLANCO,M,,,,U,O/C Nª 49,15/09/1997,829
6,IMPRESORA MATRIZ DE PUNTO,04/03/2023 11:19:10,EPSON,LQ-1070,S/SERIE,BLANCO,M,,,,U,SANEAR,31/12/2021,830
6,IMPRESORA MATRIZ DE PUNTO,04/03/2023 11:26:29,EPSON,FX-1170,6211215322,BLANCO,M,,,,U,SANEAR,31/12/2021,831
6,IMPRESORA MATRIZ DE PUNTO,04/03/2023 11:22:22,EPSON,FX-1170,6211176919,BLANCO,M,,,,U,SANEAR,31/12/2021,832
6,IMPRESORA MATRIZ DE PUNTO,04/03/2023 11:18:07,EPSON,STYLUS,,BLANCO,M,,,,U,SANEAR,31/12/2021,833
6,INTERCOMUNICADOR,04/03/2023 12:40:48,COMMAX,WI-2CH,,BLANCO,M,,,,U,SANEAR,31/12/2021,834
6,INTERCOMUNICADOR,04/03/2023 12:39:52,PANASONIC,RJ-27,,PLOMO/NEGRO,M,,,,U,SANEAR,31/12/2021,835
6,INTERCOMUNICADOR,04/03/2023 12:40:32,PANASONIC,RJ-27,,PLOMO/NEGRO,M,,,,U,SANEAR,31/12/2021,836
6,LAMPARA TIPO PETROMAX,04/03/2023 12:38:06,PETROMAX,,,ALIMINIO/AZUL,M,,,,U,O/C Nº 322,30/06/1995,837
6,LAMPARA TIPO PETROMAX,04/03/2023 12:38:20,PETROMAX,,,ALUMINIO,M,,,,U,SANEAR,31/12/2021,838
6,LAMPARA TIPO PETROMAX,04/03/2023 12:38:13,,,,ALUMINIO/ROJO,M,,,,U,O/C Nº 322,30/06/1995,839
6,LAMPARA TIPO PETROMAX,04/03/2023 12:37:54,,,,ALUMINIO/ROJO,M,,,,U,O/C Nº 322,30/06/1995,840
6,LAMPARA TIPO PETROMAX,04/03/2023 12:36:43,KOLEMAN,214700,,VERDE/PETROLEO,M,,,,U,O/C Nº 322,30/06/1995,842
6,LUSTRADORA ELECTRICA DOMESTICA,04/03/2023 12:03:14,ROWENTA,SUMDEUM,,PLATEADO,M,,,,U,SANEAR,31/12/2021,843
6,MAQUINA DE ESCRIBIR ELECTRICA,04/03/2023 11:37:23,OLIVETTI,ET-2300,6153058,BLANCO,M,,,,U,SANEAR,31/12/2021,844
6,MAQUINA DE ESCRIBIR ELECTRICA,04/03/2023 11:37:18,CORONA,SCM-SMTH - 4EB3,6244598 DE320 ESP,BLANCO/VERDE,M,,,,U,SANEAR,31/12/2021,845
6,MAQUINA DE ESCRIBIR ELECTRICA,04/03/2023 11:37:21,FACIT,1832/4222,710958902,BLANCO/NEGRO,M,,,,U,SANEAR,31/12/2021,846
6,MAQUINA DE ESCRIBIR ELECTRICA,04/03/2023 12:39:18,ERIKA,,710958987,BLANCO/NEGRO,M,,,,U,SANEAR,31/12/2021,847
6,MAQUINA DE ESCRIBIR ELECTRICA,04/03/2023 13:34:35,OLIVETTI,TEKNE-3,300159 DE 320 ESP,PLOMO,M,,,,U,SANEAR,31/12/2021,848
6,MAQUINA DE ESCRIBIR ELECTRICA,04/03/2023 11:37:17,OLIVETTI,TEKNE-4,6654181,BLANCO,M,,,,U,SANEAR,31/12/2021,849
6,MAQUINA DE ESCRIBIR ELECTRICA,04/03/2023 12:46:49,OLIVETTI,TEKNE-4,6677252 DE 205ESP,NEGRO,M,,,,U,SANEAR,31/12/2021,850
6,MAQUINA DE ESCRIBIR ELECTRICA,04/03/2023 11:50:07,OLIVETTI,TEKNE-4,M84501321,PLOMO,M,,,,U,SANEAR,31/12/2021,851
6,MAQUINA DE ESCRIBIR ELECTRICA,04/03/2023 15:19:03,OLIMPIA,,M84782056,BLANCO/NEGRO,M,,,,U,SANEAR,31/12/2021,852
6,MAQUINA DE ESCRIBIR ELECTRICA,04/03/2023 15:18:01,OLIMPIA,,N84782056,BLANCO/NEGRO,M,,,,U,SANEAR,31/12/2021,853
6,MAQUINA DE ESCRIBIR ELECTRICA,04/03/2023 15:19:18,GOLDEN,,15-80599009 DE 140 .,CAFÉ,M,,,,U,SANEAR,31/12/2021,854
6,MAQUINA DE ESCRIBIR ELECTRICA,04/03/2023 15:15:32,FACIT,,0.649936075,BLANCO/NEGRO,M,,,,U,SANEAR,31/12/2021,855
6,MAQUINA DE ESCRIBIR ELECTRICA,04/03/2023 15:19:45,OLIVETTI,STUDIO 46,.S/SERIE,BLANCO/CAFÉ,M,,,,U,SANEAR,31/12/2021,856
6,MAQUINA DE ESCRIBIR MECANICA,04/03/2023 12:39:06,OLIVETTI,LINEA 98,4084306,PLOMO,M,,,,U,SANEAR,31/12/2021,857
6,MESITA DE MADERA PARA MAQUINA DE ESCRIBIR,04/03/2023 12:32:01,,,,MADERA (BLANCO),M,,,,U,SANEAR,31/12/2021,858
6,MONITOR A COLOR,04/03/2023 12:02:13,SAMSUNG,CVM4967T,H8Z801020,BLANCO,M,,,,U,SANEAR,31/12/2021,859
6,MONITOR A COLOR,04/03/2023 12:04:10,SAMTRON,SC-441V,9321423731,BLANCO,M,,,,U,SANEAR,31/12/2021,860
6,MONITOR A COLOR,04/03/2023 12:02:12,GOLDSTAR,1465DLS,259R6A064781,BLANCO,M,,,,U,SANEAR,31/12/2021,861
6,MONITOR A COLOR,04/03/2023 14:56:27,SAMSUNG,CQB4147,H2JFA08417,BLANCO,M,,,,U,O/C N°000998,29/12/1995,862
6,MONITOR A COLOR,04/03/2023 12:02:29,SAMSUNG,CQA 4147,H8WG903726,BLANCO,M,,,,U,SANEAR,31/12/2021,863
6,MONITOR A COLOR,04/03/2023 12:02:18,SAMSUNG,CVM4967T,H8YD701852,BLANCO,M,,,,U,SANEAR,31/12/2021,864
6,MONITOR A COLOR,04/03/2023 12:04:07,SAMSUNG,MA2675,4002345,BLANCO,M,,,,U,SANEAR,31/12/2021,865
6,MONITOR A COLOR,04/03/2023 12:03:04,SAMSUNG,450NB,DP14HCER507617V,BLANCO,M,,,,U,SANEAR,31/12/2021,866
6,MONITOR A COLOR,04/03/2023 12:02:22,SAMSUNG,CV-M4967,H8VBB09103,BLANCO,M,,,,U,O/C N°547,31/12/2001,867
6,MONITOR A COLOR,04/03/2023 12:08:22,GOLDSTAR,60NDI,237F4664278A,BLANCO,M,,,,U,SANEAR,31/12/2021,868
6,MONITOR A COLOR,04/03/2023 12:04:18,OLIVETTI,DSMCA-146613,9.46197E+11,BLANCO,M,,,,U,SANEAR,31/12/2021,869
6,MONITOR MONOCROMATICO,04/03/2023 12:04:05,SAMSUNG,MA2561,U10801061,BLANCO,M,,,,U,SANEAR,31/12/2021,870
6,MONITOR MONOCROMATICO,04/03/2023 12:02:35,SUNSHINE,MA-14,C-951200017581,BLANCO,M,,,,U,SANEAR,31/12/2021,871
6,MONITOR MONOCROMATICO,04/03/2023 12:02:55,SAMTRON,SM-470,9343068983,BLANCO,M,,,,U,SANEAR,31/12/2021,872
6,MONITOR MONOCROMATICO,04/03/2023 12:02:23,SAMTRON,SM-470,9345078568,BLANCO,M,,,,U,SANEAR,31/12/2021,873
6,RADIO TRANSMISOR RECEPTOR,04/03/2023 12:41:49,STONER,SSB-112A,CX 639,PLOMO,M,,,,U,SANEAR,31/12/2021,875
6,SILLA FIJA DE MADERA,04/03/2023 12:51:39,,,,CAFÉ,M,,,,U,O/C Nº 229,28/04/1995,877
6,SILLA FIJA DE METAL,04/03/2023 13:10:16,,,,NEGRO,M,,,,U,SANEAR,31/12/2021,878
6,TECLADO - KEYBOARD,04/03/2023 12:27:55,ACER,6511,K6552136504,BLANCO,M,,,,U,SANEAR,31/12/2021,880
6,TECLADO - KEYBOARD,04/03/2023 12:32:33,LITE-ON-4100,SK4100R- IU,M930619006,BLANCO,M,,,,U,SANEAR,31/12/2021,881
6,TECLADO - KEYBOARD,04/03/2023 12:20:17,DVA,DK-100C,,BLANCO,M,,,,U,SANEAR,31/12/2021,882
6,TECLADO - KEYBOARD,04/03/2023 12:20:57,UASA,901,KSC0102653,BLANCO,M,,,,U,SANEAR,31/12/2021,883
6,TECLADO - KEYBOARD,04/03/2023 12:28:20,ACER,6312-T,K63-61221292,BLANCO,M,,,,U,SANEAR,31/12/2021,884
6,TECLADO - KEYBOARD,04/03/2023 12:22:29,PROFESSIONAL,DK 100,9.31235E+16,BLANCO,M,,,,U,SANEAR,31/12/2021,885
6,TECLADO - KEYBOARD,04/03/2023 12:20:41,BTC,BTC-55XXK,BTC-55XXK,BLANCO,M,,,,U,SANEAR,31/12/2021,886
6,TECLADO - KEYBOARD,04/03/2023 12:27:11,SUNSHINE,F-21,628290,BLANCO,M,,,,U,O/C Nº 000998,29/12/1995,887
6,TECLADO - KEYBOARD,04/03/2023 12:24:16,PROFESSIONAL,MCK-701W,6751706,BLANCO,M,,,,U,SANEAR,31/12/2021,888
6,TECLADO - KEYBOARD,04/03/2023 12:21:37,TURBO PLUS,HQK,BITS6001,BLANCO,M,,,,U,SANEAR,31/12/2021,889
6,TECLADO - KEYBOARD,04/03/2023 12:19:54,ACER,6511,K6553307506,BLANCO,M,,,,U,O/C Nº 0246,29/04/1996,890
6,TECLADO - KEYBOARD,04/03/2023 12:24:33,,1TB101,,BLANCO,M,,,,U,O/C Nº 0099,29/01/1996,891
6,TECLADO - KEYBOARD,04/03/2023 12:27:48,ACER,6511,K6552011698,BLANCO,M,,,,U,O/C Nº 0246,29/04/1996,892
6,TECLADO - KEYBOARD,04/03/2023 12:20:03,SUNSHINE,F-21,1.28021E+13,BLANCO,M,,,,U,O/C Nº 000998,29/12/1995,893
6,TECLADO - KEYBOARD,04/03/2023 12:20:31,PROFESSIONAL,5140,C66263225,BLANCO,M,,,,U,O/C Nº 49,15/09/1997,894
6,TECLADO - KEYBOARD,04/03/2023 12:27:26,BTC,BTC-53,,BLANCO,M,,,,U,O/C Nº 654,28/11/1997,895
6,TECLADO - KEYBOARD,04/03/2023 12:28:02,BTC,5121,M73185006,BLANCO,M,,,,U,SANEAR,31/12/2021,896
6,TECLADO - KEYBOARD,04/03/2023 12:20:46,PROFESSIONAL,TKN1501C,256675,BLANCO,M,,,,U,SANEAR,31/12/2021,897
6,TECLADO - KEYBOARD,04/03/2023 12:21:18,PROFESSIONAL,TK-M501C,192982,BLANCO,M,,,,U,SANEAR,31/12/2021,898
6,TECLADO - KEYBOARD,04/03/2023 12:24:24,BELTRON,TK-M501C,283645,BLANCO,M,,,,U,SANEAR,31/12/2021,899
6,TECLADO - KEYBOARD,04/03/2023 12:22:01,BTC,TK-M501C,C5721D689,BLANCO,M,,,,U,SANEAR,31/12/2021,900
6,TECLADO - KEYBOARD,04/03/2023 12:23:54,PROFESSIONAL,3001-1,628389,BLANCO,M,,,,U,SANEAR,31/12/2021,901
6,TECLADO - KEYBOARD,04/03/2023 12:24:01,LITE,SK4100R- 2E,M931103746LITE-ON/40,BLANCO,M,,,,U,SANEAR,31/12/2021,902
6,TECLADO - KEYBOARD,04/03/2023 12:21:46,TWC,SK-88018V-1V,X901037983,BLANCO,M,,,,U,SANEAR,31/12/2021,903
6,TECLADO - KEYBOARD,04/03/2023 12:21:32,BELTRON,TK-M501C,256547,BLANCO,M,,,,U,SANEAR,31/12/2021,904
6,TECLADO - KEYBOARD,04/03/2023 12:27:41,SUNSHINE,F-21,112640110,BLANCO,M,,,,U,SANEAR,31/12/2021,905
6,TECLADO - KEYBOARD,04/03/2023 12:19:39,SUNSHINE,F-21,,BLANCO,M,,,,U,SANEAR,31/12/2021,906
6,TECLADO - KEYBOARD,04/03/2023 12:28:09,SUNSHINE,F-21,,BLANCO,M,,,,U,SANEAR,31/12/2021,907
6,TECLADO - KEYBOARD,04/03/2023 12:23:48,SUNSHINE,F-21,1118173434,BLANCO,M,,,,U,SANEAR,31/12/2021,908
6,TECLADO - KEYBOARD,04/03/2023 12:23:06,SUNSHINE,F-21,6481137,BLANCO,M,,,,U,SANEAR,31/12/2021,909
6,TECLADO - KEYBOARD,04/03/2023 12:20:24,SUNSHINE,F-21,1.20141E+16,BLANCO,M,,,,U,SANEAR,31/12/2021,910
6,TECLADO - KEYBOARD,04/03/2023 12:23:21,SUNSHINE,F-21,H000856618,BLANCO,M,,,,U,SANEAR,31/12/2021,911
6,TECLADO - KEYBOARD,04/03/2023 12:24:09,SUNSHINE,F-21,GOGAS-21,BLANCO,M,,,,U,SANEAR,31/12/2021,912
6,TECLADO - KEYBOARD,04/03/2023 12:23:34,UASA,901,9.31235E+16,BLANCO,M,,,,U,SANEAR,31/12/2021,913
6,TECLADO - KEYBOARD,04/03/2023 12:23:28,SUNSHINE,DAGD,9293417,BLANCO,M,,,,U,SANEAR,31/12/2021,914
6,TECLADO - KEYBOARD,04/03/2023 12:23:16,SUNSHINE,,H00857103,BLANCO,M,,,,U,SANEAR,31/12/2021,915
6,TECLADO - KEYBOARD,04/03/2023 12:20:50,BTC,BTC-55XXK,J15013776,BLANCO,M,,,,U,SANEAR,31/12/2021,916
6,TECLADO - KEYBOARD,04/03/2023 12:27:03,,5530KR-SP,K812304823,BLANCO,M,,,,U,O/C Nº 025-C,9/12/2004,917
6,TECLADO - KEYBOARD,04/03/2023 12:28:28,LITE,SK4100R-2E,M931101535,BLANCO,M,,,,U,SANEAR,31/12/2021,918
6,TECLADO - KEYBOARD,04/03/2023 12:27:20,BELTRON,TK-501C,210253,BLANCO,M,,,,U,SANEAR,31/12/2021,919
6,TELEVISOR BLANCO Y NEGRO,04/03/2023 12:02:20,,,,BLANCO Y NEGRO,M,,,,U,SANEAR,31/12/2021,920
6,UNIDAD CENTRAL DE PROCESO - CPU,04/03/2023 11:52:52,WIN,,,BLANCO,M,,,,U,SANEAR,31/12/2021,921
6,UNIDAD CENTRAL DE PROCESO - CPU,04/03/2023 11:56:24,WIN,,,BLANCO,M,,,,U,SANEAR,31/12/2021,922
6,UNIDAD CENTRAL DE PROCESO - CPU,04/03/2023 11:56:20,,,,BLANCO,M,,,,U,SANEAR,31/12/2021,923
6,UNIDAD CENTRAL DE PROCESO - CPU,04/03/2023 15:23:28,,,,BLANCO,M,,,,U,O/C Nº 000998,29/12/1995,924
6,UNIDAD CENTRAL DE PROCESO - CPU,04/03/2023 11:59:25,,,,BLANCO,M,,,,U,O/C Nº 000998,29/12/1995,925
6,UNIDAD CENTRAL DE PROCESO - CPU,04/03/2023 11:56:22,,,,BLANCO,M,,,,U,O/C Nº 49,15/09/1997,926
6,UNIDAD CENTRAL DE PROCESO - CPU,04/03/2023 11:56:15,,,,BLANCO,M,,,,U,SANEAR,31/12/2021,927
6,UNIDAD CENTRAL DE PROCESO - CPU,04/03/2023 11:59:34,,,,BLANCO,M,,,,U,SANEAR,31/12/2021,928
6,UNIDAD CENTRAL DE PROCESO - CPU,04/03/2023 11:53:04,WIN,,,BLANCO,M,,,,U,SANEAR,31/12/2021,929
6,UNIDAD CENTRAL DE PROCESO - CPU,04/03/2023 11:53:15,,,,BLANCO,M,,,,U,SANEAR,31/12/2021,930
6,UNIDAD CENTRAL DE PROCESO - CPU,04/03/2023 11:53:10,,,,BLANCO,M,,,,U,SANEAR,31/12/2021,931
6,UNIDAD CENTRAL DE PROCESO - CPU,04/03/2023 11:53:07,,,,BLANCO,M,,,,U,SANEAR,31/12/2021,932
6,UNIDAD CENTRAL DE PROCESO - CPU,04/03/2023 12:02:31,SONY,KW3005,,NEGRO,M,,,,U,SANEAR,31/12/2021,933
6,VENTILADOR ELECTRICO PARA MESA O DE PIE,04/03/2023 11:52:01,WAHSON,,,VERDE,M,,,,U,SANEAR,31/12/2021,934
6,VENTILADOR ELECTRICO PARA TECHO,04/03/2023 13:13:19,,,,VERDE/CLARO,M,,,,U,SANEAR,31/12/2021,935
6,VENTILADOR ELECTRICO PARA TECHO,04/03/2023 13:14:38,,,,VERDE,M,,,,U,SANEAR,31/12/2021,936
6,VENTILADOR ELECTRICO PARA TECHO,04/03/2023 15:22:21,,,,VERDE,M,,,,U,SANEAR,31/12/2021,937
6,FOTOCOPIADORA EN GENERAL,04/03/2023 12:46:25,KONICA MINOLTA,1312HUB 920,15SARO7141,PLOMO,M,,,,U,O/C Nº 580,29/12/2011,1179
6,SILLA FIJA DE OTRO MATERIAL,04/03/2023 12:53:48,,,,AZUL,M,,,,U,SANEAR,31/12/2021,1347
6,TABLERO DE CONTROL,04/03/2023 13:07:27,,,,,M,,,,U,O/C N° 00195,27/07/2020,1394
6,SIERRA CIRCULAR,04/03/2023 12:58:37,,,,,M,,,,U,O/C N° 00110,19/03/2021,1405
6,SILLA GIRATORIA DE METAL,04/03/2023 12:53:39,MONTHY,TAPIZ MARROQUIN,,NEGRO,M,0.57X0.50X0.93,,,U,O/C Nº 000310,15/11/2012,1618
6,TRIPODE METALICO,04/03/2023 13:03:08,,,,,M,,,,U,SANEAR,31/12/2021,2828
6,UNIDAD CENTRAL DE PROCESO - CPU,04/03/2023 15:01:28,INTEL,CORE 2DUAL,32 BITS,NEGRO,M,,,,U,SANEAR,31/12/2021,3339
6,ACUMULADOR DE ENERGIA - EQUIPO DE UPS,04/03/2023 12:05:03,,,,,M,,,,U,SANEAR,31/12/2021,3349
6,AMPERIMETRO,04/03/2023 12:12:51,,,,LADRILLO,M,,,,U,SANEAR,31/12/2021,3367
6,ASPIRADOR MULTIPLE,04/03/2023 15:10:00,SHOP VAC,,C915123,PLOMO,M,,,,U,O/C Nº 410,4/07/2013,3375
6,ESTABILIZADOR,04/03/2023 12:10:42,LALI POWER,SV 1004,,PLOMO,M,,,,U,SANEAR,31/12/2021,3476
6,ESTABILIZADOR,04/03/2023 12:55:13,ALTRON,,,NEGRO,M,,,,U,O/C Nº 3-00060,10/08/2009,3493
6,ESTABILIZADOR,04/03/2023 15:12:07,ALTRON,,92606694,NEGRO,M,,,,U,O/C Nº 6-00046,27/11/2009,3498
6,ESTABILIZADOR,04/03/2023 12:50:08,STABY TRON,ST-01,0100 5081,BLANCO,M,,,,U,SANEAR,31/12/2021,3504
6,ESTABILIZADOR,04/03/2023 13:02:56,CYBERLINK,,,PLOMO,M,,,,U,SANEAR,31/12/2021,3524
6,FUENTE DE PODER,04/03/2023 13:02:05,,11-9215,,,M,,,,U,SANEAR,31/12/2021,3557
6,HERVIDOR ELECTRICO,04/03/2023 13:07:12,,,,NEGRO,M,,,,U,O/C Nª 240,21/08/2015,3565
6,HERVIDOR ELECTRICO,04/03/2023 12:35:41,INTER NATIONAL,,,BLANCO,M,,,,U,SANEAR,31/12/2021,3567
6,HERVIDOR ELECTRICO,04/03/2023 12:54:11,CONTINENTAL,,,BLANCO,M,,,,U,SANEAR,31/12/2021,3568
6,HERVIDOR ELECTRICO,04/03/2023 12:54:02,RECORD,,,NEGRO,M,,,,U,SANEAR,31/12/2021,3569
6,INTERCOMUNICADOR,04/03/2023 13:23:15,COMMAX,,,BLANCO,M,,,,U,SANEAR,31/12/2021,3602
6,INTERCOMUNICADOR,04/03/2023 11:45:59,,TC50 PREMIO,TF12042000150,NEGRO,M,,,,U,SANEAR,31/12/2021,3603
6,LAMPARA TIPO PETROMAX,04/03/2023 15:30:12,,,,,M,,,,U,O/C Nº 322,30/06/1995,3604
6,LAMPARA TIPO PETROMAX,04/03/2023 15:26:26,MADE IN CHINA,,,PLOMO,M,,,,U,SANEAR,31/12/2021,3605
6,MODEM EXTERNO,04/03/2023 13:19:51,ROBOTICH,,,BLANCO,M,,,,U,SANEAR,31/12/2021,3666
6,PARLANTES EN GENERAL (MAYOR A 1/8 UIT),04/03/2023 12:11:55,MICRONICS,,,NEGRO,M,,,,U,O/C Nº 000298,6/11/2012,3754
6,PARLANTES EN GENERAL (MAYOR A 1/8 UIT),04/03/2023 12:10:02,GENIUS,,ZEC270501376,NEGRO,M,,,,U,SANEAR,31/12/2021,3757
6,PARLANTES EN GENERAL (MAYOR A 1/8 UIT),04/03/2023 12:16:26,MICRONICS,,1.67554E+11,NEGRO,M,,,,U,O/C Nº 175,17/12/2008,3762
6,SWITCH PARA RED,04/03/2023 11:47:35,MULTIMODEM,MT2834ZOXBM,5044952,BLANCO,M,,,,U,SANEAR,31/12/2021,3895
6,SWITCH PARA RED,04/03/2023 13:21:47,D-LINK,DES-1024A,QB3T2C9000640,NEGRO,M,,,,U,SANEAR,31/12/2021,3896
6,TABLERO DE CONTROL,04/03/2023 13:07:55,,JDC-2,516-3-C-3,VERDE,M,,,,U,SANEAR,31/12/2021,3898
6,TELEFONO,04/03/2023 11:46:18,VISUATEL,,7.61176E+12,BLANCO,M,,,,U,SANEAR,31/12/2021,3926
6,TELEFONO,04/03/2023 11:42:01,CLARO,ITC-6009,2015-08-01,BLANCO,M,,,,U,SANEAR,31/12/2021,3932
6,TELEFONO,04/03/2023 11:40:26,TELEFONICA,,,BLANCO,M,,,,U,SANEAR,31/12/2021,3933
6,TELEFONO,04/03/2023 11:41:23,INTELBLAS,TC 50600MS,,NEGRO,M,,,,U,SANEAR,31/12/2021,3934
