"Acta","dep","prov","dist","local","area","oficina","dni","nombre","apellidoPat","apellidoMat"
"1","PUNO","PUNO","PUNO","PRORRIDRE","CONTROL PATRIMONIAL","ALMACEN CENTRAL","","","",""
"2","PUNO","PUNO","PUNO","PRORRIDRE","CONTROL PATRIMONIAL","DIRECCION DE OBRAS","0","A","B","D"
"3","PUNO","PUNO","PAUCARCOLLA","ALMACEN TALLER MAESTRANZA - ILLPA","CONTROL PATRIMONIAL","ALMACEN GRANDE","46087346","DAVID CESAR","HUANACUNI","LUPACA"
"4","PUNO","PUNO","PUNO","PRORRIDRE","CONTROL PATRIMONIAL","ARCHIVO","46087346","DAVID CESAR","HUANACUNI","LUPACA"
"5","PUNO","PUNO","PUNO","PRORRIDRE","CONTROL PATRIMONIAL","ASESORIA LEGAL","44024588","FREDY DAVID","CONTRERAS","MAQUERA"
"6","PUNO","PUNO","PAUCARCOLLA","ALMACEN TALLER MAESTRANZA - ILLPA","CONTROL PATRIMONIAL","CASETA 724","46087346","DAVID CESAR","HUANACUNI","LUPACA"
"7","PUNO","PUNO","PAUCARCOLLA","ALMACEN TALLER MAESTRANZA - ILLPA","CONTROL PATRIMONIAL","CASETA 725","46087346","DAVID CESAR","HUANACUNI","LUPACA"
"8","PUNO","PUNO","PAUCARCOLLA","ALMACEN TALLER MAESTRANZA - ILLPA","CONTROL PATRIMONIAL","CASETA 726","46087346","DAVID CESAR","HUANACUNI","LUPACA"
"9","PUNO","PUNO","PAUCARCOLLA","ALMACEN TALLER MAESTRANZA - ILLPA","CONTROL PATRIMONIAL","CASETA 727","46087346","DAVID CESAR","HUANACUNI","LUPACA"
"10","PUNO","PUNO","PAUCARCOLLA","ALMACEN TALLER MAESTRANZA - ILLPA","CONTROL PATRIMONIAL","CASETA 728","46087346","DAVID CESAR","HUANACUNI","LUPACA"
"11","PUNO","PUNO","PAUCARCOLLA","ALMACEN TALLER MAESTRANZA - ILLPA","CONTROL PATRIMONIAL","CASETA 738","46087346","DAVID CESAR","HUANACUNI","LUPACA"
"12","PUNO","PUNO","PAUCARCOLLA","ALMACEN TALLER MAESTRANZA - ILLPA","CONTROL PATRIMONIAL","CASETA 740","46087346","DAVID CESAR","HUANACUNI","LUPACA"
"13","PUNO","PUNO","PAUCARCOLLA","ALMACEN TALLER MAESTRANZA - ILLPA","CONTROL PATRIMONIAL","CASETA 744","46087346","DAVID CESAR","HUANACUNI","LUPACA"
"14","PUNO","PUNO","PAUCARCOLLA","ALMACEN TALLER MAESTRANZA - ILLPA","CONTROL PATRIMONIAL","CASETA 749","46087346","DAVID CESAR","HUANACUNI","LUPACA"
"15","PUNO","PUNO","PAUCARCOLLA","ALMACEN TALLER MAESTRANZA - ILLPA","CONTROL PATRIMONIAL","CASETA 750","46087346","DAVID CESAR","HUANACUNI","LUPACA"
"16","PUNO","PUNO","PAUCARCOLLA","ALMACEN TALLER MAESTRANZA - ILLPA","CONTROL PATRIMONIAL","CONTENEDOR 573","46087346","DAVID CESAR","HUANACUNI","LUPACA"
"17","PUNO","PUNO","PAUCARCOLLA","ALMACEN TALLER MAESTRANZA - ILLPA","CONTROL PATRIMONIAL","CONTENEDOR 578","46087346","DAVID CESAR","HUANACUNI","LUPACA"
"18","PUNO","PUNO","PAUCARCOLLA","ALMACEN TALLER MAESTRANZA - ILLPA","CONTROL PATRIMONIAL","CONTENEDOR 579","46087346","DAVID CESAR","HUANACUNI","LUPACA"
"19","PUNO","PUNO","PAUCARCOLLA","ALMACEN TALLER MAESTRANZA - ILLPA","CONTROL PATRIMONIAL","CONTENEDOR 580","46087346","DAVID CESAR","HUANACUNI","LUPACA"
"20","PUNO","PUNO","PAUCARCOLLA","ALMACEN TALLER MAESTRANZA - ILLPA","CONTROL PATRIMONIAL","CONTENEDOR 581","46087346","DAVID CESAR","HUANACUNI","LUPACA"
"21","PUNO","PUNO","PUNO","PRORRIDRE","CONTROL PATRIMONIAL","DIRECCION DE ADMINISTRACION","43053757","HENRY","FLORES","TIQUE"
"22","PUNO","PUNO","PUNO","PRORRIDRE","CONTROL PATRIMONIAL","DIRECCION DE ESTUDIOS Y PROYECTOS","41428933","WILLIAM RONALD","FERNANDEZ","MEDINA"
"23","PUNO","PUNO","PUNO","PRORRIDRE","CONTROL PATRIMONIAL","DIRECCION DE PLANIFICACION Y PRESUPUESTO","41936055","JAIME","LOPEZ","MAMANI"
"24","PUNO","PUNO","PUNO","PRORRIDRE","CONTROL PATRIMONIAL","DIRECCION EJECUTIVA","2048247","JOSUE","QUISPE","CAPAJAÑA"
"25","PUNO","PUNO","PAUCARCOLLA","ALMACEN TALLER MAESTRANZA - ILLPA","CONTROL PATRIMONIAL","ESTABLO DE GUARDIAN","46087346","DAVID CESAR","HUANACUNI","LUPACA"
"26","PUNO","PUNO","PAUCARCOLLA","ALMACEN TALLER MAESTRANZA - ILLPA","CONTROL PATRIMONIAL","GUARDIANIA","46087346","DAVID CESAR","HUANACUNI","LUPACA"
"27","PUNO","PUNO","PUNO","PRORRIDRE","CONTROL PATRIMONIAL","IMAGEN INSTITUCIONAL","1332751","GILMER","INQUILLA","ACERO"
"28","PUNO","PUNO","PUNO","PRORRIDRE","CONTROL PATRIMONIAL","LABORATORIO DE SUELOS","46087346","DAVID CESAR","HUANACUNI","LUPACA"
"29","PUNO","PUNO","PAUCARCOLLA","ALMACEN TALLER MAESTRANZA - ILLPA","CONTROL PATRIMONIAL","MINIBUS","46087346","DAVID CESAR","HUANACUNI","LUPACA"
"30","PUNO","PUNO","PUNO","PRORRIDRE","CONTROL PATRIMONIAL","OFICINA DE LIQUIDACION","42651135","FREDDY VLADIMIR","SANTANDER","PACORICONA"
"31","PUNO","PUNO","PAUCARCOLLA","ALMACEN TALLER MAESTRANZA - ILLPA","CONTROL PATRIMONIAL","PATIO ILLPA","46087346","DAVID CESAR","HUANACUNI","LUPACA"
"32","PUNO","PUNO","PAUCARCOLLA","ALMACEN TALLER MAESTRANZA - ILLPA","CONTROL PATRIMONIAL","TALLER ILLPA","46087346","DAVID CESAR","HUANACUNI","LUPACA"
"33","PUNO","PUNO","PUNO","PRORRIDRE","CONTROL PATRIMONIAL","UNIDAD DE ABASTECIMIENTO","43328272","WILSON EDER","COAQUIRA","MAMANI"
"34","PUNO","PUNO","PUNO","PRORRIDRE","CONTROL PATRIMONIAL","UNIDAD DE CONTABILIDAD","75396431","BENJAMIN","CHOQUE","MANZANARES"
"35","PUNO","PUNO","PUNO","PRORRIDRE","CONTROL PATRIMONIAL","UNIDAD DE PATRIMONIO Y ALMACEN","46087346","DAVID CESAR","HUANACUNI","LUPACA"
"36","PUNO","PUNO","PAUCARCOLLA","ALMACEN TALLER MAESTRANZA-ILLPA","CONTROL PATRIMONIAL","CASETA- GRUPOS ELECTROGENOS","","DAVID CESAR","HUANACUNI","LUPACA"
"37","PUNO","PUNO","PUNO","PRORRIDRE","CONTROL PATRIMONIAL","DIRECCION DE OBRAS","42651135","FREDDY VLADIMIR","SANTANDER","PACORICONA"
"38","PUNO","PUNO","PUNO","PRORRIDRE","CONTROL PATRIMONIAL","ERROR REGISTRO","0","A","B","D"
"39","PUNO","PUNO","PUNO","PRORRIDRE","CONTROL PATRIMONIAL","NUEVO","0","A","B","D"
"40","PUNO","PUNO","PUNO","PRORRIDRE","CONTROL PATRIMONIAL","SIN REGISTRO","0","A","B","D"
"41","PUNO","PUNO","PUNO","PRORRIDRE","CONTROL PATRIMONIAL","BIENES FALTANTES AL 2020","0","A","B","D"
"42","PUNO","PUNO","PUNO","PRORRIDRE","CONTROL PATRIMONIAL","CESION EN USO","46087346","DAVID CESAR","HUANACUNI","LUPACA"
"43","PUNO","PUNO","PUNO","PRORRIDRE","CONTROL PATRIMONIAL","UNIDAD DE PERSONAL","40923211","ROBBY ABEL","VELASQUEZ","TORRES"
"44","PUNO","PUNO","PUNO","PRORRIDRE","CONTROL PATRIMONIAL","UNIDAD DE TESORERIA","46994317","MARCO ANTONIO","OLVEA","APAZA"
"45","PUNO","PUNO","PUNO","PRORRIDRE","CONTROL PATRIMONIAL","OFICINA 1","42651135","FREDDY VLADIMIR","SANTANDER","PACORICONA"
"46","PUNO","HUANCANE","VILQUECHICO","PRORRIDRE-OBRAS","CONTROL PATRIMONIAL","VILQUECHICO","","FREDDY","",""
"47","PUNO","PUNO","PUNO","PRORRIDRE","CONTROL PATRIMONIAL","OFICINA 2 - MAQUINARIAS Y EQUIPOS","42651135","FREDDY VLADIMIR","SANTANDER","PACORICONA"
"48","PUNO","PUNO","PUNO","PRORRIDRE","CONTROL PATRIMONIAL","CASETA 03","46087346","DAVID CESAR","HUANACUNI","LUPACA"
"49","PUNO","CHUCUITO","HUACULLANI","PRORRIDRE","CONTROL PATRIMONIAL","META NRO 05","42873726","WILMERDT MARX","QUISPE","PEREZ"
"50","PUNO","CHUCUITO","ZEPITA","PRORRIDRE","CONTROL PATRIMONIAL","META NRO 02","80146597","HEDY","BELIZARIO","QUISPE"
"51","PUNO","CHUCUITO","HUACULLANI","PRORRIDRE","CONTROL PATRIMONIAL","META NRO 18","47704628","PAUL FROYLAN","ATENCIO","LAYME"
"55","PUNO","AZANGARO","AZANGARO","PRORRIDRE","CONTROL PATRIMONIAL","META NRO 04","1315901","CARL ALBERTO","CARRASCO","HUANCA"
"56","PUNO","AZANGARO","AZANGARO","PRORRIDRE","CONTROL PATRIMONIAL","META NRO 17","45846922","WILLIAM CHARLES","CALLATA","TAPIA"
"57","PUNO","MELGAR","UMACHIRI","PRORRIDRE","CONTROL PATRIMONIAL","META NRO 23","43396294","ROLANDO JESUS","MANCHA","CUTIPA"
"58","PUNO","HUANCANE","VILQUECHICO","PRORRIDRE","CONTROL PATRIMONIAL","META NRO26","42912687","LEONEL","BARRIOS","CHINO"
"59","PUNO","PUNO","PAUCARCOLLA","ALMACEN TALLER MAESTRANZA -ILLPA","CONTROL PATRIMONIAL","CASETA 743","46087346","DAVID CESAR","HUANACUNI","LUPACA"
"60","PUNO","SAN ROMAN","YOCARA","OBRA YOCARA","CONTROL PATRIMONIAL","ALMACEN YOCARA","42087346","FREDDY VLADIMIR","SANTANDER","PACORICONA"
"61","PUNO","PUNO","PAUCARCOLLA","ALMACEN TALLER MAESTRANZA - ILLPA","CONTROL PATRIMONIAL","CASETA 742","46087346","DAVID CESAR","HUANACUNI","LUPACA"
"62","PUNO","PUNO","PAUCARCOLLA","ALMACEN TALLER MAESTRANZA - ILLPA","CONTROL PATRIMONIAL","CASETA 748","46087346","DAVID CESAR","HUANACUNI","LUPACA"
"63","PUNO","PUNO","PAUCARCOLLA","ALMACEN TALLER MAESTRANZA - ILLPA","CONTROL PATRIMONIAL","CASETA 733","46087346","DAVID CESAR","HUANACUNI","LUPACA"
"64","PUNO","PUNO","PAUCARCOLLA","ALMACEN TALLER MAESTRANZA - ILLPA","CONTROL PATRIMONIAL","CASETA 731","46087346","DAVID CESAR","HUANACUNI","LUPACA"
"65","PUNO","PUNO","PAUCARCOLLA","ALMACEN TALLER MAESTRANZA - ILLPA","CONTROL PATRIMONIAL","CASETA POZO TUBULAR","46087346","DAVID CESAR","HUANACUNI","LUPACA"
"66","PUNO","PUNO","PAUCARCOLLA","ALMACEN TALLER MAESTRANZA - ILLPA","CONTROL PATRIMONIAL","CASETA MARTILLO ELECTRONICO","46087346","DAVID CESAR","HUANACUNI","LUPACA"
"67","PUNO","PUNO","PAUCARCOLLA","ALMACEN MAESTRANZA - ILLPA","CONTROL PATRIMONIAL","CASETA 729","46087346","DAVID CESAR","HUANACUNI","LUPACA"
"68","PUNO","PUNO","PAUCARCOLLA","ALMACEN MAESTRANZA - ILLPA","CONTROL PATRIMONIAL","CASETA 723","46087346","DAVID CESAR","HUANACUNI","LUPACA"
