746450680018,2999,MESA DE METAL,32,ALMACEN TALLER MAESTRANZA - ILLPA,CONTROL PATRIMONIAL,TALLER ILLPA,ANA ,PAREDES,GUTIERREZ,M,,,,,PLOMO,1.00,,,U,05/03/2023 10:49:08,,
672244200004,2926,EQUIPO DE CARBURO,32,ALMACEN TALLER MAESTRANZA - ILLPA,CONTROL PATRIMONIAL,TALLER ILLPA,ANA ,PAREDES,GUTIERREZ,M,,,,,VERDE AZUL,1.00,,,U,05/03/2023 10:49:17,,
746482550028,645,SILLA FIJA DE OTRO MATERIAL,41,ALMACEN TALLER MAESTRANZA - ILLPA,CONTROL PATRIMONIAL,TALLER ILLPA,ANA ,PAREDES,GUTIERREZ,M,,,,,AZUL,1.00,,,U,05/03/2023 10:51:42,,
746482550029,646,SILLA FIJA DE OTRO MATERIAL,41,ALMACEN TALLER MAESTRANZA - ILLPA,CONTROL PATRIMONIAL,TALLER ILLPA,ANA ,PAREDES,GUTIERREZ,M,,,,,AZUL,1.00,,,U,05/03/2023 10:51:48,,
746449320008,2995,MESA DE MADERA,32,ALMACEN TALLER MAESTRANZA - ILLPA,CONTROL PATRIMONIAL,TALLER ILLPA,ANA ,PAREDES,GUTIERREZ,R,1.00X2.00X0.79,,,,AZUL,1.00,,,U,05/03/2023 10:54:23,,
322257950004,2949,HORNO ELECTRICO,32,ALMACEN TALLER MAESTRANZA - ILLPA,CONTROL PATRIMONIAL,TALLER ILLPA,ANA ,PAREDES,GUTIERREZ,M,,CHINA,,,,1.00,,,U,05/03/2023 10:54:41,,
322221710005,2919,COCINA A KEROSENE,32,ALMACEN TALLER MAESTRANZA - ILLPA,CONTROL PATRIMONIAL,TALLER ILLPA,ANA ,PAREDES,GUTIERREZ,M,,,,,,1.00,,,U,05/03/2023 10:54:51,,
672244200001,2924,EQUIPO DE CARBURO,32,ALMACEN TALLER MAESTRANZA - ILLPA,CONTROL PATRIMONIAL,TALLER ILLPA,ANA ,PAREDES,GUTIERREZ,M,,DYNAMIC,,3186482,NEGRO,1.00,,,U,05/03/2023 10:55:09,,
675026900007,2992,MAQUINA DE SOLDAR,32,ALMACEN TALLER MAESTRANZA - ILLPA,CONTROL PATRIMONIAL,TALLER ILLPA,ANA ,PAREDES,GUTIERREZ,M,,,MASA,499 POTT.DE 25AMP,,1.00,,,U,05/03/2023 10:55:19,,
322221710003,2917,COCINA A KEROSENE,32,ALMACEN TALLER MAESTRANZA - ILLPA,CONTROL PATRIMONIAL,TALLER ILLPA,ANA ,PAREDES,GUTIERREZ,M,,,,,VERDE,650.00,,,U,05/03/2023 10:55:49,,
322221710004,2918,COCINA A KEROSENE,32,ALMACEN TALLER MAESTRANZA - ILLPA,CONTROL PATRIMONIAL,TALLER ILLPA,ANA ,PAREDES,GUTIERREZ,M,,SURGE,,,VERDE,200.00,,,U,05/03/2023 10:56:26,,
675003310001,2914,CARGADOR APILADOR MANUAL - MANUAL STACKER,32,ALMACEN TALLER MAESTRANZA - ILLPA,CONTROL PATRIMONIAL,TALLER ILLPA,ANA ,PAREDES,GUTIERREZ,M,,JOYON,KCH-1000,1224,,1.00,,,U,05/03/2023 10:57:26,,
672244200003,2925,EQUIPO DE CARBURO,32,ALMACEN TALLER MAESTRANZA - ILLPA,CONTROL PATRIMONIAL,TALLER ILLPA,ANA ,PAREDES,GUTIERREZ,M,,,,MOD.Q3-1,ROJO,1.00,,,U,05/03/2023 10:58:59,,
532222990003,2921,CONCENTRADOR DE OXIGENO,32,ALMACEN TALLER MAESTRANZA - ILLPA,CONTROL PATRIMONIAL,TALLER ILLPA,ANA ,PAREDES,GUTIERREZ,M,,,,237932,,1.00,,,U,05/03/2023 11:00:37,,
746481190007,3095,SILLA FIJA DE MADERA,32,ALMACEN TALLER MAESTRANZA - ILLPA,CONTROL PATRIMONIAL,TALLER ILLPA,ANA ,PAREDES,GUTIERREZ,M,,,,,CAFÉ,1.00,,,U,05/03/2023 11:01:44,,
746441860007,2938,ESTANTE DE METAL,32,ALMACEN TALLER MAESTRANZA - ILLPA,CONTROL PATRIMONIAL,TALLER ILLPA,ANA ,PAREDES,GUTIERREZ,M,,,,,PLOMO,1.00,,,U,05/03/2023 11:02:17,,
746481870115,3104,SILLA FIJA DE METAL,32,ALMACEN TALLER MAESTRANZA - ILLPA,CONTROL PATRIMONIAL,TALLER ILLPA,ANA ,PAREDES,GUTIERREZ,M,,,,,PLOMO/BLANCO,1.00,,,U,05/03/2023 11:03:54,,
746483900020,3105,SILLA GIRATORIA DE METAL,32,ALMACEN TALLER MAESTRANZA - ILLPA,CONTROL PATRIMONIAL,TALLER ILLPA,ANA ,PAREDES,GUTIERREZ,R,0.46X0.65X0.98,,,,NEGRO,190.00,,,U,05/03/2023 11:04:55,,
746483900083,3108,SILLA GIRATORIA DE METAL,32,ALMACEN TALLER MAESTRANZA - ILLPA,CONTROL PATRIMONIAL,TALLER ILLPA,ANA ,PAREDES,GUTIERREZ,M,0.44X0.45X0.72,,,,NEGRO,200.00,,,U,05/03/2023 11:05:38,,
746481190129,3100,SILLA FIJA DE MADERA,32,ALMACEN TALLER MAESTRANZA - ILLPA,CONTROL PATRIMONIAL,TALLER ILLPA,ANA ,PAREDES,GUTIERREZ,R,0.43X0.47X0.87,,,,CAFÉ,1.00,,,U,05/03/2023 11:05:50,,
746489330004,3111,SILLON GIRATORIO DE METAL,32,ALMACEN TALLER MAESTRANZA - ILLPA,CONTROL PATRIMONIAL,TALLER ILLPA,ANA ,PAREDES,GUTIERREZ,M,0.50X0.53X0.82,,,,MARRON,180.00,,,U,05/03/2023 11:05:58,,
746483900070,3106,SILLA GIRATORIA DE METAL,32,ALMACEN TALLER MAESTRANZA - ILLPA,CONTROL PATRIMONIAL,TALLER ILLPA,ANA ,PAREDES,GUTIERREZ,R,0.45X0.50X0.98,,TAPIZ DE LONA,,NEGRO,180.00,,,U,05/03/2023 11:06:33,,
746489330016,3113,SILLON GIRATORIO DE METAL,32,ALMACEN TALLER MAESTRANZA - ILLPA,CONTROL PATRIMONIAL,TALLER ILLPA,ANA ,PAREDES,GUTIERREZ,R,0.52X0.54X1.05,,,,NEGRO,498.00,,,U,05/03/2023 11:10:28,,
746489330017,3114,SILLON GIRATORIO DE METAL,32,ALMACEN TALLER MAESTRANZA - ILLPA,CONTROL PATRIMONIAL,TALLER ILLPA,ANA ,PAREDES,GUTIERREZ,M,0.53X0.53X1.05,,,,NEGRO,498.00,,,U,05/03/2023 11:10:57,,
746487970007,3110,SILLON FIJO DE METAL,32,ALMACEN TALLER MAESTRANZA - ILLPA,CONTROL PATRIMONIAL,TALLER ILLPA,ANA ,PAREDES,GUTIERREZ,R,,,,,,1.00,,,U,05/03/2023 11:12:58,,
678250000004,2910,CAMIONETA,32,ALMACEN TALLER MAESTRANZA - ILLPA,CONTROL PATRIMONIAL,TALLER ILLPA,ANA ,PAREDES,GUTIERREZ,M,,TOYOTA,HILUX 4X4,,ROJO VINO,1.00,,,U,05/03/2023 11:15:50,,
678250000005,2911,CAMIONETA,32,ALMACEN TALLER MAESTRANZA - ILLPA,CONTROL PATRIMONIAL,TALLER ILLPA,ANA ,PAREDES,GUTIERREZ,R,,TOYOTA,HILUX 4X4,,GRIS METALICO,1.00,,,U,05/03/2023 11:20:43,,
676466670004,3116,TANQUE DE POLIETILENO PARA AGUA,32,ALMACEN TALLER MAESTRANZA - ILLPA,CONTROL PATRIMONIAL,TALLER ILLPA,ANA ,PAREDES,GUTIERREZ,R,1000 LTS.,,,,NEGRO,590.00,,,U,05/03/2023 11:20:52,,
746456440001,3001,MESITA DE METAL,32,ALMACEN TALLER MAESTRANZA - ILLPA,CONTROL PATRIMONIAL,TALLER ILLPA,ANA ,PAREDES,GUTIERREZ,R,,,,,PLOMO,1.00,,,U,05/03/2023 11:22:05,,
42204310002,2891,ARADOS EN GENERAL,32,ALMACEN TALLER MAESTRANZA - ILLPA,CONTROL PATRIMONIAL,TALLER ILLPA,ANA ,PAREDES,GUTIERREZ,R,,FIA BULS,ARH-428FB,,,22075.00,,,U,05/03/2023 11:22:16,,
746454580008,3000,MESITA DE MADERA,32,ALMACEN TALLER MAESTRANZA - ILLPA,CONTROL PATRIMONIAL,TALLER ILLPA,ANA ,PAREDES,GUTIERREZ,B,0.65X0.44X0.74,,GAVETA CON RUED,,MADERA,1.00,,,U,05/03/2023 11:22:23,,
672294150001,3094,SIERRA ELECTRICA DE ARCO PARA FIERRO,32,ALMACEN TALLER MAESTRANZA - ILLPA,CONTROL PATRIMONIAL,TALLER ILLPA,ANA ,PAREDES,GUTIERREZ,R,,HJ,G72,68025HJR,,1.00,,,U,05/03/2023 11:22:29,,
746481190011,615,SILLA FIJA DE MADERA,41,ALMACEN TALLER MAESTRANZA - ILLPA,CONTROL PATRIMONIAL,TALLER ILLPA,ANA ,PAREDES,GUTIERREZ,M,,,,,CAFÉ,1.00,,,U,05/03/2023 11:25:49,,
675080890059,3028,MEZCLADORA DE CONCRETO TIPO TROMPO,32,ALMACEN TALLER MAESTRANZA - ILLPA,CONTROL PATRIMONIAL,TALLER ILLPA,ANA ,PAREDES,GUTIERREZ,M,,DYNAMIC HONDA,MDCP/M12,4225620528,,5350.00,,,U,05/03/2023 11:26:26,,
675080890030,3007,MEZCLADORA DE CONCRETO TIPO TROMPO,32,ALMACEN TALLER MAESTRANZA - ILLPA,CONTROL PATRIMONIAL,TALLER ILLPA,ANA ,PAREDES,GUTIERREZ,M,,DYNAMIC KOHLER,M 12,M12,,8320.00,,,U,05/03/2023 11:26:46,,
675080890042,3015,MEZCLADORA DE CONCRETO TIPO TROMPO,32,ALMACEN TALLER MAESTRANZA - ILLPA,CONTROL PATRIMONIAL,TALLER ILLPA,ANA ,PAREDES,GUTIERREZ,R,,DYNAMIC KHOLER,M 12,4034732118,,7100.00,,,U,05/03/2023 11:26:50,,
675092900002,3187,TORNO ELECTRICO,32,ALMACEN TALLER MAESTRANZA - ILLPA,CONTROL PATRIMONIAL,TALLER ILLPA,ANA ,PAREDES,GUTIERREZ,M,,,Q1319,82032,,1.00,,,U,05/03/2023 11:26:58,,
673687990003,3189,TRACTOR AGRICOLA,32,ALMACEN TALLER MAESTRANZA - ILLPA,CONTROL PATRIMONIAL,TALLER ILLPA,ANA ,PAREDES,GUTIERREZ,B,,MEW HOLLAND,TS6020,,,1.00,,,U,05/03/2023 11:33:39,,
675080890086,104,MEZCLADORA DE CONCRETO TIPO TROMPO,3,ALMACEN TALLER MAESTRANZA - ILLPA,CONTROL PATRIMONIAL,TALLER ILLPA,ANA ,PAREDES,GUTIERREZ,R,,DYNAMIC HONDA,GX390,,,7500.00,,,U,05/03/2023 11:35:24,,
675080890061,3029,MEZCLADORA DE CONCRETO TIPO TROMPO,32,ALMACEN TALLER MAESTRANZA - ILLPA,CONTROL PATRIMONIAL,TALLER ILLPA,ANA ,PAREDES,GUTIERREZ,R,,ACIMAC,COMAND PRO 14,,,5400.00,,,U,05/03/2023 11:37:33,,
675092900003,3188,TORNO ELECTRICO,32,ALMACEN TALLER MAESTRANZA - ILLPA,CONTROL PATRIMONIAL,TALLER ILLPA,ANA ,PAREDES,GUTIERREZ,M,,,,,,1.00,,,U,05/03/2023 11:37:54,,
675092900001,3186,TORNO ELECTRICO,32,ALMACEN TALLER MAESTRANZA - ILLPA,CONTROL PATRIMONIAL,TALLER ILLPA,ANA ,PAREDES,GUTIERREZ,M,,,,,,1.00,,,U,05/03/2023 11:38:12,,
746437790009,2932,ESCRITORIO DE METAL,32,ALMACEN TALLER MAESTRANZA - ILLPA,CONTROL PATRIMONIAL,TALLER ILLPA,ANA ,PAREDES,GUTIERREZ,M,,,,,PLOMO Y NEGRO,1.00,,,U,05/03/2023 11:38:21,,
746437790050,2933,ESCRITORIO DE METAL,32,ALMACEN TALLER MAESTRANZA - ILLPA,CONTROL PATRIMONIAL,TALLER ILLPA,ANA ,PAREDES,GUTIERREZ,M,,,,,,1.00,,,U,05/03/2023 11:38:35,DELIA RUTH QUISPE SONCCO,4
675080890077,3032,MEZCLADORA DE CONCRETO TIPO TROMPO,32,ALMACEN TALLER MAESTRANZA - ILLPA,CONTROL PATRIMONIAL,TALLER ILLPA,ANA ,PAREDES,GUTIERREZ,M,,DYNAMIC HONDA,DYNAMIC KOHLER2,M9-123-12/4135300699,,6495.00,,,U,05/03/2023 11:38:51,,
675080890096,3035,MEZCLADORA DE CONCRETO TIPO TROMPO,32,ALMACEN TALLER MAESTRANZA - ILLPA,CONTROL PATRIMONIAL,TALLER ILLPA,ANA ,PAREDES,GUTIERREZ,R,,DYNAMIC HONDA,MDC11P/GX390,"M11-1012-12, GCAFH-0",,6600.00,,,U,05/03/2023 11:38:59,,
675080890044,3017,MEZCLADORA DE CONCRETO TIPO TROMPO,32,ALMACEN TALLER MAESTRANZA - ILLPA,CONTROL PATRIMONIAL,TALLER ILLPA,ANA ,PAREDES,GUTIERREZ,M,,DYNAMIC HONDA,DYNAMIC KOHLER6,4200900239,,18490.00,,,U,05/03/2023 11:44:02,,
675010400001,2947,FRESADORA,32,ALMACEN TALLER MAESTRANZA - ILLPA,CONTROL PATRIMONIAL,TALLER ILLPA,ANA ,PAREDES,GUTIERREZ,M,,,,,,1.00,,,U,05/03/2023 11:47:02,,
746450680003,2996,MESA DE METAL,32,ALMACEN TALLER MAESTRANZA - ILLPA,CONTROL PATRIMONIAL,TALLER ILLPA,ANA ,PAREDES,GUTIERREZ,R,1.22X2.41X0.70,,,,PLOMO,1.00,,,U,05/03/2023 11:47:53,,
675080890038,3013,MEZCLADORA DE CONCRETO TIPO TROMPO,32,ALMACEN TALLER MAESTRANZA - ILLPA,CONTROL PATRIMONIAL,TALLER ILLPA,ANA ,PAREDES,GUTIERREZ,R,,DYNAMIC KOHLER,MDC9P/M12,,,8651.00,,,U,05/03/2023 11:47:59,,
672224420001,2916,CEPILLADORA ELECTRICA PORTATIL,32,ALMACEN TALLER MAESTRANZA - ILLPA,CONTROL PATRIMONIAL,TALLER ILLPA,ANA ,PAREDES,GUTIERREZ,M,,,BC6063,1024,,1.00,,,U,05/03/2023 11:49:20,,
746441860006,2937,ESTANTE DE METAL,32,ALMACEN TALLER MAESTRANZA - ILLPA,CONTROL PATRIMONIAL,TALLER ILLPA,ANA ,PAREDES,GUTIERREZ,M,,,,,PLOMO,1.00,,,U,05/03/2023 11:49:24,,
675080890066,3030,MEZCLADORA DE CONCRETO TIPO TROMPO,32,ALMACEN TALLER MAESTRANZA - ILLPA,CONTROL PATRIMONIAL,TALLER ILLPA,ANA ,PAREDES,GUTIERREZ,M,,DYNAMIC KOHLER,CS/2T,3622302555,,6720.00,,,U,05/03/2023 11:49:42,,
675080890043,3016,MEZCLADORA DE CONCRETO TIPO TROMPO,32,ALMACEN TALLER MAESTRANZA - ILLPA,CONTROL PATRIMONIAL,TALLER ILLPA,ANA ,PAREDES,GUTIERREZ,M,,DYNAMIC KHOLER,M 12,40316081981,,7100.00,,,U,05/03/2023 11:49:50,,
675080890012,3004,MEZCLADORA DE CONCRETO TIPO TROMPO,32,ALMACEN TALLER MAESTRANZA - ILLPA,CONTROL PATRIMONIAL,TALLER ILLPA,ANA ,PAREDES,GUTIERREZ,M,,DYNAMIC,,,,6040.00,,,U,05/03/2023 11:50:07,,
672295930001,3115,TALADRO ELECTRICO PORTATIL,32,ALMACEN TALLER MAESTRANZA - ILLPA,CONTROL PATRIMONIAL,TALLER ILLPA,ANA ,PAREDES,GUTIERREZ,M,,CHINA,Z3025,2041,,1.00,,,U,05/03/2023 11:50:17,,
675080890039,3014,MEZCLADORA DE CONCRETO TIPO TROMPO,32,ALMACEN TALLER MAESTRANZA - ILLPA,CONTROL PATRIMONIAL,TALLER ILLPA,ANA ,PAREDES,GUTIERREZ,M,,DYNAMIC HONDA,GBDT,1015865,,6000.00,,,U,05/03/2023 11:51:50,,
602210680028,2904,BOMBA DE SUCCION,32,ALMACEN TALLER MAESTRANZA - ILLPA,CONTROL PATRIMONIAL,TALLER ILLPA,ANA ,PAREDES,GUTIERREZ,M,,,,,PLOMO,1.00,,,U,05/03/2023 11:53:57,,
602210680012,2902,BOMBA DE SUCCION,32,ALMACEN TALLER MAESTRANZA - ILLPA,CONTROL PATRIMONIAL,TALLER ILLPA,ANA ,PAREDES,GUTIERREZ,M,,2JD230X3CHINA,4120ST,8703595,,1.00,,,U,05/03/2023 11:54:37,,
602210680030,2905,BOMBA DE SUCCION,32,ALMACEN TALLER MAESTRANZA - ILLPA,CONTROL PATRIMONIAL,TALLER ILLPA,ANA ,PAREDES,GUTIERREZ,M,,,,,,1.00,,,U,05/03/2023 11:55:24,,
602210680013,2903,BOMBA DE SUCCION,32,ALMACEN TALLER MAESTRANZA - ILLPA,CONTROL PATRIMONIAL,TALLER ILLPA,ANA ,PAREDES,GUTIERREZ,M,,CHINO,4120ST,902732,,1.00,,,U,05/03/2023 11:56:21,,
675080890031,3008,MEZCLADORA DE CONCRETO TIPO TROMPO,32,ALMACEN TALLER MAESTRANZA - ILLPA,CONTROL PATRIMONIAL,TALLER ILLPA,ANA ,PAREDES,GUTIERREZ,M,,DYNAMIC KOHLER,M 12,4009890149,,8651.00,,,U,05/03/2023 11:57:35,,
675080890049,3020,MEZCLADORA DE CONCRETO TIPO TROMPO,32,ALMACEN TALLER MAESTRANZA - ILLPA,CONTROL PATRIMONIAL,TALLER ILLPA,ANA ,PAREDES,GUTIERREZ,M,,DYNAMIC KOHLER,DYNAMIC KOHLER,42066900269,,6593.00,,,U,05/03/2023 11:57:42,,
746406600013,2897,ARMARIO DE METAL,32,ALMACEN TALLER MAESTRANZA - ILLPA,CONTROL PATRIMONIAL,TALLER ILLPA,ANA ,PAREDES,GUTIERREZ,M,0.45X0.88X1.82,,2 PUERTAS,,PLOMO/NEGRO,1.00,,,U,05/03/2023 11:57:53,,
746437120013,2929,ESCRITORIO DE MADERA,32,ALMACEN TALLER MAESTRANZA - ILLPA,CONTROL PATRIMONIAL,TALLER ILLPA,ANA ,PAREDES,GUTIERREZ,M,0.55x0.75x1.02,,,,CAFE,1.00,,,U,05/03/2023 12:02:05,,
672254910001,2934,ESMERIL ELECTRICO,32,ALMACEN TALLER MAESTRANZA - ILLPA,CONTROL PATRIMONIAL,TALLER ILLPA,ANA ,PAREDES,GUTIERREZ,M,,,9665H1,PZ0830,AZUL,1.00,,,U,05/03/2023 12:02:41,,
742227260007,2945,FOTOCOPIADORA EN GENERAL,32,ALMACEN TALLER MAESTRANZA - ILLPA,CONTROL PATRIMONIAL,TALLER ILLPA,ANA ,PAREDES,GUTIERREZ,M,,RICOH,AFICIO,,BLANCO,4032.45,,,U,05/03/2023 12:06:18,,
742227260008,2946,FOTOCOPIADORA EN GENERAL,32,ALMACEN TALLER MAESTRANZA - ILLPA,CONTROL PATRIMONIAL,TALLER ILLPA,ANA ,PAREDES,GUTIERREZ,M,,KONICA MINOLTA,VISH HUB-350,,BLANCO,3656.00,,,U,05/03/2023 12:06:22,,
952215610002,2915,CENTRAL TELEFONICA,32,ALMACEN TALLER MAESTRANZA - ILLPA,CONTROL PATRIMONIAL,TALLER ILLPA,ANA ,PAREDES,GUTIERREZ,M,,PANASONIC,,3HBVD010922,BLANCO,1.00,,,U,05/03/2023 12:06:41,,
740832000013,2953,IMPRESORA (OTRAS),32,ALMACEN TALLER MAESTRANZA - ILLPA,CONTROL PATRIMONIAL,TALLER ILLPA,ANA ,PAREDES,GUTIERREZ,M,,HP,LASERJET 1320,CNHC66Y664,,1550.00,,,U,05/03/2023 12:06:45,,
740899500048,3224,UNIDAD CENTRAL DE PROCESO - CPU,32,ALMACEN TALLER MAESTRANZA - ILLPA,CONTROL PATRIMONIAL,TALLER ILLPA,ANA ,PAREDES,GUTIERREZ,M,,INTEL,CORE 2 DUO,,,2212.93,,,U,05/03/2023 12:06:50,,
740899500049,3225,UNIDAD CENTRAL DE PROCESO - CPU,32,ALMACEN TALLER MAESTRANZA - ILLPA,CONTROL PATRIMONIAL,TALLER ILLPA,ANA ,PAREDES,GUTIERREZ,R,,INTEL,CORE 2 DUO,,NEGRO,2212.93,,,U,05/03/2023 12:06:57,,
740899500059,3229,UNIDAD CENTRAL DE PROCESO - CPU,32,ALMACEN TALLER MAESTRANZA - ILLPA,CONTROL PATRIMONIAL,TALLER ILLPA,ANA ,PAREDES,GUTIERREZ,R,,ALTRON,,,NEGRO/ROJO,1.00,,,U,05/03/2023 12:07:27,,
740899500052,3226,UNIDAD CENTRAL DE PROCESO - CPU,32,ALMACEN TALLER MAESTRANZA - ILLPA,CONTROL PATRIMONIAL,TALLER ILLPA,ANA ,PAREDES,GUTIERREZ,M,,ALTRON,,,NEGRO/ROJO,2282.64,,,U,05/03/2023 12:07:33,,
740899500062,3231,UNIDAD CENTRAL DE PROCESO - CPU,32,ALMACEN TALLER MAESTRANZA - ILLPA,CONTROL PATRIMONIAL,TALLER ILLPA,ANA ,PAREDES,GUTIERREZ,M,,CYBERLINK,CORE 2 QUAD,,NEGRO,2345.20,,,U,05/03/2023 12:08:13,,
740899500046,3223,UNIDAD CENTRAL DE PROCESO - CPU,32,ALMACEN TALLER MAESTRANZA - ILLPA,CONTROL PATRIMONIAL,TALLER ILLPA,ANA ,PAREDES,GUTIERREZ,M,,INTEL,PENTIUM DUAL CE,,NEGRO,1386.39,,,U,05/03/2023 12:08:17,,
740899500091,3233,UNIDAD CENTRAL DE PROCESO - CPU,32,ALMACEN TALLER MAESTRANZA - ILLPA,CONTROL PATRIMONIAL,TALLER ILLPA,ANA ,PAREDES,GUTIERREZ,M,,INTEL,CORE I7,,NEGRO/AZUL,2317.07,,,U,05/03/2023 12:08:30,,
740899500061,3230,UNIDAD CENTRAL DE PROCESO - CPU,32,ALMACEN TALLER MAESTRANZA - ILLPA,CONTROL PATRIMONIAL,TALLER ILLPA,ANA ,PAREDES,GUTIERREZ,M,,,,,PLOMO/NEGRO,2145.00,,,U,05/03/2023 12:08:47,,
740899500038,3219,UNIDAD CENTRAL DE PROCESO - CPU,32,ALMACEN TALLER MAESTRANZA - ILLPA,CONTROL PATRIMONIAL,TALLER ILLPA,ANA ,PAREDES,GUTIERREZ,M,,INTEL,PENTIUM IV,,BLANCO/PLOMO,1819.07,,,U,05/03/2023 12:09:02,,
740899500041,3222,UNIDAD CENTRAL DE PROCESO - CPU,32,ALMACEN TALLER MAESTRANZA - ILLPA,CONTROL PATRIMONIAL,TALLER ILLPA,ANA ,PAREDES,GUTIERREZ,M,,INTEL AMEGA,PENTIUM IV,,BLANCO/PLOMO,1843.38,,,U,05/03/2023 12:09:21,,
740899500057,3228,UNIDAD CENTRAL DE PROCESO - CPU,32,ALMACEN TALLER MAESTRANZA - ILLPA,CONTROL PATRIMONIAL,TALLER ILLPA,ANA ,PAREDES,GUTIERREZ,M,,ALTRON,,,NEGRO/ROJO,1.00,,,U,05/03/2023 12:09:23,,
740899500134,3238,UNIDAD CENTRAL DE PROCESO - CPU,32,ALMACEN TALLER MAESTRANZA - ILLPA,CONTROL PATRIMONIAL,TALLER ILLPA,ANA ,PAREDES,GUTIERREZ,M,,,,,CELESTE/BLANCO,2178.60,,,U,05/03/2023 12:09:26,,
740899500129,3237,UNIDAD CENTRAL DE PROCESO - CPU,32,ALMACEN TALLER MAESTRANZA - ILLPA,CONTROL PATRIMONIAL,TALLER ILLPA,ANA ,PAREDES,GUTIERREZ,M,,,,,NEGRO/PLATA,1.00,,,U,05/03/2023 12:09:30,,
740899500138,3239,UNIDAD CENTRAL DE PROCESO - CPU,32,ALMACEN TALLER MAESTRANZA - ILLPA,CONTROL PATRIMONIAL,TALLER ILLPA,ANA ,PAREDES,GUTIERREZ,M,,,,,,1.00,,,U,05/03/2023 12:09:42,,
740899500078,3232,UNIDAD CENTRAL DE PROCESO - CPU,32,ALMACEN TALLER MAESTRANZA - ILLPA,CONTROL PATRIMONIAL,TALLER ILLPA,ANA ,PAREDES,GUTIERREZ,M,,,,,NEGRO/PLOMO,1962.38,,,U,05/03/2023 12:09:52,,
740877000015,3059,MONITOR A COLOR,32,ALMACEN TALLER MAESTRANZA - ILLPA,CONTROL PATRIMONIAL,TALLER ILLPA,ANA ,PAREDES,GUTIERREZ,M,,,CQB4147,H2FA08478,,1430.16,,,U,05/03/2023 12:11:28,,
740877000029,3068,MONITOR A COLOR,32,ALMACEN TALLER MAESTRANZA - ILLPA,CONTROL PATRIMONIAL,TALLER ILLPA,ANA ,PAREDES,GUTIERREZ,M,,,450NB,DP14HCEDR603613Z,,1.00,,,U,05/03/2023 12:11:31,,
740877000040,3075,MONITOR A COLOR,32,ALMACEN TALLER MAESTRANZA - ILLPA,CONTROL PATRIMONIAL,TALLER ILLPA,ANA ,PAREDES,GUTIERREZ,M,,SAMSUNG,AN15VSPN/PES,AN15HXBN71960M PE,,628.32,,,U,05/03/2023 12:11:34,,
740877000023,3064,MONITOR A COLOR,32,ALMACEN TALLER MAESTRANZA - ILLPA,CONTROL PATRIMONIAL,TALLER ILLPA,ANA ,PAREDES,GUTIERREZ,M,,,450 MB,DP14HCEKA03555/ML,,651.20,,,U,05/03/2023 12:11:38,,
740877000003,3051,MONITOR A COLOR,32,ALMACEN TALLER MAESTRANZA - ILLPA,CONTROL PATRIMONIAL,TALLER ILLPA,ANA ,PAREDES,GUTIERREZ,M,,SAMSUNG,CVM4963T,H2JCDAO3292,,1.00,,,U,05/03/2023 12:11:43,,
740877000021,3063,MONITOR A COLOR,32,ALMACEN TALLER MAESTRANZA - ILLPA,CONTROL PATRIMONIAL,TALLER ILLPA,ANA ,PAREDES,GUTIERREZ,M,,SAMSUNG,CQA 4147,H8WFX00660,,669.24,,,U,05/03/2023 12:11:46,,
740877000030,3069,MONITOR A COLOR,32,ALMACEN TALLER MAESTRANZA - ILLPA,CONTROL PATRIMONIAL,TALLER ILLPA,ANA ,PAREDES,GUTIERREZ,M,,,450NB,DP14HCER507550B,,1.00,,,U,05/03/2023 12:11:48,,
740877000039,3074,MONITOR A COLOR,32,ALMACEN TALLER MAESTRANZA - ILLPA,CONTROL PATRIMONIAL,TALLER ILLPA,ANA ,PAREDES,GUTIERREZ,M,,,,,,1.00,,,U,05/03/2023 12:11:52,,
740881500005,3087,MONITOR MONOCROMATICO,32,ALMACEN TALLER MAESTRANZA - ILLPA,CONTROL PATRIMONIAL,TALLER ILLPA,ANA ,PAREDES,GUTIERREZ,M,,,5M-470,9337060039,,1.00,,,U,05/03/2023 12:11:55,,
740877000044,3079,MONITOR A COLOR,32,ALMACEN TALLER MAESTRANZA - ILLPA,CONTROL PATRIMONIAL,TALLER ILLPA,ANA ,PAREDES,GUTIERREZ,M,,SAMSUNG,551V,AN15HCEW802610W,BLANCO,636.30,,,U,05/03/2023 12:11:59,,
740877000038,3073,MONITOR A COLOR,32,ALMACEN TALLER MAESTRANZA - ILLPA,CONTROL PATRIMONIAL,TALLER ILLPA,ANA ,PAREDES,GUTIERREZ,M,,,AN15VSPN/PES,AN15HXBW180145R PE,,628.32,,,U,05/03/2023 12:12:02,,
740877000051,3086,MONITOR A COLOR,32,ALMACEN TALLER MAESTRANZA - ILLPA,CONTROL PATRIMONIAL,TALLER ILLPA,ANA ,PAREDES,GUTIERREZ,M,,SAMSUNG,550S,DT15HCBR503393E,BLANCO,1.00,,,U,05/03/2023 12:12:11,,
952258120079,3049,MONITOR (OTROS),32,ALMACEN TALLER MAESTRANZA - ILLPA,CONTROL PATRIMONIAL,TALLER ILLPA,ANA ,PAREDES,GUTIERREZ,M,,,,,,1.00,,,U,05/03/2023 12:16:28,,
740877000049,3084,MONITOR A COLOR,32,ALMACEN TALLER MAESTRANZA - ILLPA,CONTROL PATRIMONIAL,TALLER ILLPA,ANA ,PAREDES,GUTIERREZ,R,,LG,T17PC-0,,NEGRO,1.00,,,U,05/03/2023 12:16:34,,
740877000050,3085,MONITOR A COLOR,32,ALMACEN TALLER MAESTRANZA - ILLPA,CONTROL PATRIMONIAL,TALLER ILLPA,ANA ,PAREDES,GUTIERREZ,M,,,,7091 NDPOT 930,,465.36,,,U,05/03/2023 12:16:40,,
740899500037,3218,UNIDAD CENTRAL DE PROCESO - CPU,32,ALMACEN TALLER MAESTRANZA - ILLPA,CONTROL PATRIMONIAL,TALLER ILLPA,ANA ,PAREDES,GUTIERREZ,M,,INTEL,PENTIUM IV,,PLOMO BLANCO,2286.90,,,U,05/03/2023 12:17:28,,
740899500143,3240,UNIDAD CENTRAL DE PROCESO - CPU,32,ALMACEN TALLER MAESTRANZA - ILLPA,CONTROL PATRIMONIAL,TALLER ILLPA,ANA ,PAREDES,GUTIERREZ,M,,,,,NEGRO/PLOMO,3172.45,,,U,05/03/2023 12:17:30,,
740899500017,3203,UNIDAD CENTRAL DE PROCESO - CPU,32,ALMACEN TALLER MAESTRANZA - ILLPA,CONTROL PATRIMONIAL,TALLER ILLPA,ANA ,PAREDES,GUTIERREZ,M,,PENTIUM II,INTEL INSIDE,,BLANCO,1.00,,,U,05/03/2023 12:17:43,,
740899500034,3216,UNIDAD CENTRAL DE PROCESO - CPU,32,ALMACEN TALLER MAESTRANZA - ILLPA,CONTROL PATRIMONIAL,TALLER ILLPA,ANA ,PAREDES,GUTIERREZ,M,,INTEL,,,,2053.13,,,U,05/03/2023 12:17:53,,
740899500054,3227,UNIDAD CENTRAL DE PROCESO - CPU,32,ALMACEN TALLER MAESTRANZA - ILLPA,CONTROL PATRIMONIAL,TALLER ILLPA,ANA ,PAREDES,GUTIERREZ,M,,INTEL,,W27920C6858,NEGRO,2282.50,,,U,05/03/2023 12:17:58,,
740899500117,3235,UNIDAD CENTRAL DE PROCESO - CPU,32,ALMACEN TALLER MAESTRANZA - ILLPA,CONTROL PATRIMONIAL,TALLER ILLPA,ANA ,PAREDES,GUTIERREZ,M,,INTEL,PENTIUM III,,BLANCO PLOMO,2277.00,,,U,05/03/2023 12:18:01,,
740899500033,3215,UNIDAD CENTRAL DE PROCESO - CPU,32,ALMACEN TALLER MAESTRANZA - ILLPA,CONTROL PATRIMONIAL,TALLER ILLPA,ANA ,PAREDES,GUTIERREZ,M,,INTEL,,,BLANCO/PLATA,1.00,,,U,05/03/2023 12:18:27,,
746481870076,3103,SILLA FIJA DE METAL,32,ALMACEN TALLER MAESTRANZA - ILLPA,CONTROL PATRIMONIAL,TALLER ILLPA,ANA ,PAREDES,GUTIERREZ,M,,,,,NEGRO,1.00,,,U,05/03/2023 12:21:04,,
742243310006,2987,MAQUINA DE ESCRIBIR MECANICA,32,ALMACEN TALLER MAESTRANZA - ILLPA,CONTROL PATRIMONIAL,TALLER ILLPA,ANA ,PAREDES,GUTIERREZ,M,,,,,,1.00,,,U,05/03/2023 12:21:49,,
742237960009,2986,MAQUINA DE ESCRIBIR ELECTRICA,32,ALMACEN TALLER MAESTRANZA - ILLPA,CONTROL PATRIMONIAL,TALLER ILLPA,ANA ,PAREDES,GUTIERREZ,M,,OLIVETI,TEKENE-4,6677274 205 ESP,,1.00,,,U,05/03/2023 12:22:16,,
740899500021,3206,UNIDAD CENTRAL DE PROCESO - CPU,32,ALMACEN TALLER MAESTRANZA - ILLPA,CONTROL PATRIMONIAL,TALLER ILLPA,ANA ,PAREDES,GUTIERREZ,M,,CREATIVE,,,,1677.06,,,U,05/03/2023 12:22:44,,
740899500106,3234,UNIDAD CENTRAL DE PROCESO - CPU,32,ALMACEN TALLER MAESTRANZA - ILLPA,CONTROL PATRIMONIAL,TALLER ILLPA,ANA ,PAREDES,GUTIERREZ,M,,INTEL,CORE I7,,NEGRO/PLATA,2109.25,,,U,05/03/2023 12:22:49,,
740832000008,2951,IMPRESORA (OTRAS),32,ALMACEN TALLER MAESTRANZA - ILLPA,CONTROL PATRIMONIAL,TALLER ILLPA,ANA ,PAREDES,GUTIERREZ,M,,HP,LASERJET 1300,,,1914.00,,,U,05/03/2023 13:08:03,,
740832000017,2954,IMPRESORA (OTRAS),32,ALMACEN TALLER MAESTRANZA - ILLPA,CONTROL PATRIMONIAL,TALLER ILLPA,ANA ,PAREDES,GUTIERREZ,M,,HP,LASERJET P1505,BRBS820GVH,PLOMO NEGRO,1.00,,,U,05/03/2023 13:08:12,,
740832000040,2955,IMPRESORA (OTRAS),32,ALMACEN TALLER MAESTRANZA - ILLPA,CONTROL PATRIMONIAL,TALLER ILLPA,ANA ,PAREDES,GUTIERREZ,M,,EPSON,TX220,MFFK0898G0,NEGRO,565.00,,,U,05/03/2023 13:09:49,,
740899500125,3236,UNIDAD CENTRAL DE PROCESO - CPU,32,ALMACEN TALLER MAESTRANZA - ILLPA,CONTROL PATRIMONIAL,TALLER ILLPA,ANA ,PAREDES,GUTIERREZ,M,,,,,BLANCO/AZUL,2024.67,,,U,05/03/2023 13:10:03,,
740899500039,3220,UNIDAD CENTRAL DE PROCESO - CPU,32,ALMACEN TALLER MAESTRANZA - ILLPA,CONTROL PATRIMONIAL,TALLER ILLPA,ANA ,PAREDES,GUTIERREZ,M,,,,,CELESTE,1819.07,,,U,05/03/2023 13:10:06,,
322257950007,2950,HORNO ELECTRICO,32,ALMACEN TALLER MAESTRANZA - ILLPA,CONTROL PATRIMONIAL,TALLER ILLPA,ANA ,PAREDES,GUTIERREZ,M,,,601T,290,NEGRO,1.00,,,U,05/03/2023 13:10:09,,
740832000020,390,IMPRESORA (OTRAS),41,ALMACEN TALLER MAESTRANZA - ILLPA,CONTROL PATRIMONIAL,TALLER ILLPA,ANA ,PAREDES,GUTIERREZ,M,,HP,MULTIFUNCIONAL,,NEGRO,290.00,,,U,05/03/2023 13:13:18,,
740845500007,2970,IMPRESORA MATRIZ DE PUNTO,32,ALMACEN TALLER MAESTRANZA - ILLPA,CONTROL PATRIMONIAL,TALLER ILLPA,ANA ,PAREDES,GUTIERREZ,M,,EPSON,FX-1170,6211141617,BLANCO,1406.25,,,U,05/03/2023 13:18:49,,
740845500026,2978,IMPRESORA MATRIZ DE PUNTO,32,ALMACEN TALLER MAESTRANZA - ILLPA,CONTROL PATRIMONIAL,TALLER ILLPA,ANA ,PAREDES,GUTIERREZ,M,,EPSON,P631B,1X61003871,BLANCO,1.00,,,U,05/03/2023 13:18:52,,
740845500018,2973,IMPRESORA MATRIZ DE PUNTO,32,ALMACEN TALLER MAESTRANZA - ILLPA,CONTROL PATRIMONIAL,TALLER ILLPA,ANA ,PAREDES,GUTIERREZ,M,,EPSON,LQ2180,BDXY002549,BLANCO,2585.15,,,U,05/03/2023 13:19:19,,
740845500027,2979,IMPRESORA MATRIZ DE PUNTO,32,ALMACEN TALLER MAESTRANZA - ILLPA,CONTROL PATRIMONIAL,TALLER ILLPA,ANA ,PAREDES,GUTIERREZ,M,,EPSON,FX-P711A,6211056352,BLANCO,1.00,,,U,05/03/2023 13:19:22,,
740845500019,2974,IMPRESORA MATRIZ DE PUNTO,32,ALMACEN TALLER MAESTRANZA - ILLPA,CONTROL PATRIMONIAL,TALLER ILLPA,ANA ,PAREDES,GUTIERREZ,M,,EPSON,LQ-2070,ZYQYDO5112,BLANCO,1.00,,,U,05/03/2023 13:19:24,,
740845500025,2977,IMPRESORA MATRIZ DE PUNTO,32,ALMACEN TALLER MAESTRANZA - ILLPA,CONTROL PATRIMONIAL,TALLER ILLPA,ANA ,PAREDES,GUTIERREZ,M,,EPSON,FX-1170,6211145930,BLANCO,1.00,,,U,05/03/2023 13:19:30,,
740845500004,2968,IMPRESORA MATRIZ DE PUNTO,32,ALMACEN TALLER MAESTRANZA - ILLPA,CONTROL PATRIMONIAL,TALLER ILLPA,ANA ,PAREDES,GUTIERREZ,M,,EPSON,FX-1170,6211176919,BLANCO,1427.40,,,U,05/03/2023 13:20:15,,
740845500014,2972,IMPRESORA MATRIZ DE PUNTO,32,ALMACEN TALLER MAESTRANZA - ILLPA,CONTROL PATRIMONIAL,TALLER ILLPA,ANA ,PAREDES,GUTIERREZ,M,,EPSON,LQ-2070,C1141700C5417031,BLANCO,1200.00,,,U,05/03/2023 13:20:18,,
740845500001,2966,IMPRESORA MATRIZ DE PUNTO,32,ALMACEN TALLER MAESTRANZA - ILLPA,CONTROL PATRIMONIAL,TALLER ILLPA,ANA ,PAREDES,GUTIERREZ,M,,EPSON,FX-1170,6211209782,BLANCO,1.00,,,U,05/03/2023 13:20:19,,
740845500022,2975,IMPRESORA MATRIZ DE PUNTO,32,ALMACEN TALLER MAESTRANZA - ILLPA,CONTROL PATRIMONIAL,TALLER ILLPA,ANA ,PAREDES,GUTIERREZ,M,,EPSON,LQ-2070,2YQY0033644,BLANCO,1.00,,,U,05/03/2023 13:20:25,,
740845500011,2971,IMPRESORA MATRIZ DE PUNTO,32,ALMACEN TALLER MAESTRANZA - ILLPA,CONTROL PATRIMONIAL,TALLER ILLPA,ANA ,PAREDES,GUTIERREZ,M,,EPSON,FX-1170,1K01024867,BLANCO,1.00,,,U,05/03/2023 14:43:38,,
740899500009,3200,UNIDAD CENTRAL DE PROCESO - CPU,32,ALMACEN TALLER MAESTRANZA - ILLPA,CONTROL PATRIMONIAL,TALLER ILLPA,ANA ,PAREDES,GUTIERREZ,M,,,,,BLANCO,1.00,,,U,05/03/2023 14:46:05,,
740899500032,3214,UNIDAD CENTRAL DE PROCESO - CPU,32,ALMACEN TALLER MAESTRANZA - ILLPA,CONTROL PATRIMONIAL,TALLER ILLPA,ANA ,PAREDES,GUTIERREZ,M,,,,,BLANCO/AZUL,1986.83,,,U,05/03/2023 14:46:10,,
740899500027,3210,UNIDAD CENTRAL DE PROCESO - CPU,32,ALMACEN TALLER MAESTRANZA - ILLPA,CONTROL PATRIMONIAL,TALLER ILLPA,ANA ,PAREDES,GUTIERREZ,M,,,,,BLANCO/CELESTE,1.00,,,U,05/03/2023 14:46:14,,
740899500006,3197,UNIDAD CENTRAL DE PROCESO - CPU,32,ALMACEN TALLER MAESTRANZA - ILLPA,CONTROL PATRIMONIAL,TALLER ILLPA,ANA ,PAREDES,GUTIERREZ,M,,,,,BLANCO,2717.00,,,U,05/03/2023 14:46:16,,
740899500008,3199,UNIDAD CENTRAL DE PROCESO - CPU,32,ALMACEN TALLER MAESTRANZA - ILLPA,CONTROL PATRIMONIAL,TALLER ILLPA,ANA ,PAREDES,GUTIERREZ,M,,,,,BLANCO,1.00,,,U,05/03/2023 14:46:18,,
740899500028,3211,UNIDAD CENTRAL DE PROCESO - CPU,32,ALMACEN TALLER MAESTRANZA - ILLPA,CONTROL PATRIMONIAL,TALLER ILLPA,ANA ,PAREDES,GUTIERREZ,M,,,AN15VSPN/PES,AN15HXBW718045R,BLANCO/CELESTE,1.00,,,U,05/03/2023 14:46:20,,
740899500029,3212,UNIDAD CENTRAL DE PROCESO - CPU,32,ALMACEN TALLER MAESTRANZA - ILLPA,CONTROL PATRIMONIAL,TALLER ILLPA,ANA ,PAREDES,GUTIERREZ,M,,,,,BLANCO,2136.35,,,U,05/03/2023 14:46:36,,
740899500026,3209,UNIDAD CENTRAL DE PROCESO - CPU,32,ALMACEN TALLER MAESTRANZA - ILLPA,CONTROL PATRIMONIAL,TALLER ILLPA,ANA ,PAREDES,GUTIERREZ,M,,,,,BLANCO,1951.95,,,U,05/03/2023 14:46:44,,
740899500018,3204,UNIDAD CENTRAL DE PROCESO - CPU,32,ALMACEN TALLER MAESTRANZA - ILLPA,CONTROL PATRIMONIAL,TALLER ILLPA,ANA ,PAREDES,GUTIERREZ,M,,SONY,KW3005,,NEGRO,1407.05,,,U,05/03/2023 14:46:55,,
740899500040,3221,UNIDAD CENTRAL DE PROCESO - CPU,32,ALMACEN TALLER MAESTRANZA - ILLPA,CONTROL PATRIMONIAL,TALLER ILLPA,ANA ,PAREDES,GUTIERREZ,M,,,,,,1819.07,,,U,05/03/2023 14:47:05,,
740899500031,3213,UNIDAD CENTRAL DE PROCESO - CPU,32,ALMACEN TALLER MAESTRANZA - ILLPA,CONTROL PATRIMONIAL,TALLER ILLPA,ANA ,PAREDES,GUTIERREZ,M,,SP,SUPER POWER,,BLANCO/CELESTE,1.00,,,U,05/03/2023 14:47:08,,
740899500020,3205,UNIDAD CENTRAL DE PROCESO - CPU,32,ALMACEN TALLER MAESTRANZA - ILLPA,CONTROL PATRIMONIAL,TALLER ILLPA,ANA ,PAREDES,GUTIERREZ,M,,OLIVETTI,M24XS-NP,,BLANCO,4143.22,,,U,05/03/2023 14:47:10,,
740836500013,2965,IMPRESORA A INYECCION DE TINTA,32,ALMACEN TALLER MAESTRANZA - ILLPA,CONTROL PATRIMONIAL,TALLER ILLPA,ANA ,PAREDES,GUTIERREZ,M,,HP,3550,,BLANCO,260.00,,,U,05/03/2023 14:47:15,,
740899500022,3207,UNIDAD CENTRAL DE PROCESO - CPU,32,ALMACEN TALLER MAESTRANZA - ILLPA,CONTROL PATRIMONIAL,TALLER ILLPA,ANA ,PAREDES,GUTIERREZ,M,,SP,SUPER POWER,,BLANCO,1.00,,,U,05/03/2023 14:47:19,,
740899500012,3201,UNIDAD CENTRAL DE PROCESO - CPU,32,ALMACEN TALLER MAESTRANZA - ILLPA,CONTROL PATRIMONIAL,TALLER ILLPA,ANA ,PAREDES,GUTIERREZ,M,,,,,BLANCO,1.00,,,U,05/03/2023 14:47:21,,
740899500007,3198,UNIDAD CENTRAL DE PROCESO - CPU,32,ALMACEN TALLER MAESTRANZA - ILLPA,CONTROL PATRIMONIAL,TALLER ILLPA,ANA ,PAREDES,GUTIERREZ,M,,WIN,,,BLANCO,1.00,,,U,05/03/2023 14:47:44,,
740899500004,3195,UNIDAD CENTRAL DE PROCESO - CPU,32,ALMACEN TALLER MAESTRANZA - ILLPA,CONTROL PATRIMONIAL,TALLER ILLPA,ANA ,PAREDES,GUTIERREZ,M,,WIN,,,BLANCO,1.00,,,U,05/03/2023 14:48:01,,
740899500005,3196,UNIDAD CENTRAL DE PROCESO - CPU,32,ALMACEN TALLER MAESTRANZA - ILLPA,CONTROL PATRIMONIAL,TALLER ILLPA,ANA ,PAREDES,GUTIERREZ,M,,,,,BLANCO,1.00,,,U,05/03/2023 14:48:05,,
740899500025,3208,UNIDAD CENTRAL DE PROCESO - CPU,32,ALMACEN TALLER MAESTRANZA - ILLPA,CONTROL PATRIMONIAL,TALLER ILLPA,ANA ,PAREDES,GUTIERREZ,M,,,,,BLANCO,1.00,,,U,05/03/2023 14:48:06,,
740845500006,2969,IMPRESORA MATRIZ DE PUNTO,32,ALMACEN TALLER MAESTRANZA - ILLPA,CONTROL PATRIMONIAL,TALLER ILLPA,ANA ,PAREDES,GUTIERREZ,M,,EPSON,FX-1170,,BLANCO,1406.25,,,U,05/03/2023 14:48:11,,
740899500003,3194,UNIDAD CENTRAL DE PROCESO - CPU,32,ALMACEN TALLER MAESTRANZA - ILLPA,CONTROL PATRIMONIAL,TALLER ILLPA,ANA ,PAREDES,GUTIERREZ,M,,,,,BLANCO,1.00,,,U,05/03/2023 14:48:17,,
740899500014,3202,UNIDAD CENTRAL DE PROCESO - CPU,32,ALMACEN TALLER MAESTRANZA - ILLPA,CONTROL PATRIMONIAL,TALLER ILLPA,ANA ,PAREDES,GUTIERREZ,M,,,,,BLANCO,1.00,,,U,05/03/2023 14:48:20,,
952282870003,3172,TELEFONO,32,ALMACEN TALLER MAESTRANZA - ILLPA,CONTROL PATRIMONIAL,TALLER ILLPA,ANA ,PAREDES,GUTIERREZ,M,,FETSA,2991,,ROJO,1.00,TELEVISOR,,U,05/03/2023 14:48:22,,
952258120054,3046,MONITOR (OTROS),32,ALMACEN TALLER MAESTRANZA - ILLPA,CONTROL PATRIMONIAL,TALLER ILLPA,ANA ,PAREDES,GUTIERREZ,B,,LG,22EA53VA,303NDZJ5D579,NEGRO,754.32,,,U,05/03/2023 14:55:24,,
952258120006,3043,MONITOR (OTROS),32,ALMACEN TALLER MAESTRANZA - ILLPA,CONTROL PATRIMONIAL,TALLER ILLPA,ANA ,PAREDES,GUTIERREZ,M,,LG,LCD,805LDJXF116,NEGRO,757.05,,,U,05/03/2023 14:55:29,,
952258120026,3044,MONITOR (OTROS),32,ALMACEN TALLER MAESTRANZA - ILLPA,CONTROL PATRIMONIAL,TALLER ILLPA,ANA ,PAREDES,GUTIERREZ,M,,HYUNDAI,,,,732.55,,,U,05/03/2023 14:55:35,,
746479160001,3093,ROPERO,32,ALMACEN TALLER MAESTRANZA - ILLPA,CONTROL PATRIMONIAL,TALLER ILLPA,ANA ,PAREDES,GUTIERREZ,M,0.60X2.50X1.80,,,,CAFÉ,1.00,,,U,05/03/2023 14:57:21,,
746406600009,2896,ARMARIO DE METAL,32,ALMACEN TALLER MAESTRANZA - ILLPA,CONTROL PATRIMONIAL,TALLER ILLPA,ANA ,PAREDES,GUTIERREZ,R,,,2 PUERTAS,,,1.00,,,U,05/03/2023 14:57:23,,
740836500001,2956,IMPRESORA A INYECCION DE TINTA,32,ALMACEN TALLER MAESTRANZA - ILLPA,CONTROL PATRIMONIAL,TALLER ILLPA,ANA ,PAREDES,GUTIERREZ,M,,CANON,BJC-10000,FCJ22453,BJC-10000,301.75,,,U,05/03/2023 14:57:54,,
740877000047,3082,MONITOR A COLOR,32,ALMACEN TALLER MAESTRANZA - ILLPA,CONTROL PATRIMONIAL,TALLER ILLPA,ANA ,PAREDES,GUTIERREZ,M,,SAMSUNG,794 MBPLUS,,NEGRO,477.12,,,U,05/03/2023 14:58:10,,
740877000019,3062,MONITOR A COLOR,32,ALMACEN TALLER MAESTRANZA - ILLPA,CONTROL PATRIMONIAL,TALLER ILLPA,ANA ,PAREDES,GUTIERREZ,M,,SAMSUNG,CQA 4147,H8JG708651,BLANCO,904.80,,,U,05/03/2023 14:58:14,,
740877000026,3067,MONITOR A COLOR,32,ALMACEN TALLER MAESTRANZA - ILLPA,CONTROL PATRIMONIAL,TALLER ILLPA,ANA ,PAREDES,GUTIERREZ,M,,,,H2KC300826,,1.00,,,U,05/03/2023 14:58:16,,
740877000004,3052,MONITOR A COLOR,32,ALMACEN TALLER MAESTRANZA - ILLPA,CONTROL PATRIMONIAL,TALLER ILLPA,ANA ,PAREDES,GUTIERREZ,M,,SAMTRON,SC-441V,9321423731,,1.00,,,U,05/03/2023 14:59:10,,
740877000046,3081,MONITOR A COLOR,32,ALMACEN TALLER MAESTRANZA - ILLPA,CONTROL PATRIMONIAL,TALLER ILLPA,ANA ,PAREDES,GUTIERREZ,M,,LG,FLATON,,NEGRO,771.75,,,U,05/03/2023 14:59:44,,
740877000036,3071,MONITOR A COLOR,32,ALMACEN TALLER MAESTRANZA - ILLPA,CONTROL PATRIMONIAL,TALLER ILLPA,ANA ,PAREDES,GUTIERREZ,M,,SAMSUNG,SYNC MASTER 55V,ANISHCETADO741A,BLANCO,1.00,,,U,05/03/2023 14:59:47,,
740877000025,3066,MONITOR A COLOR,32,ALMACEN TALLER MAESTRANZA - ILLPA,CONTROL PATRIMONIAL,TALLER ILLPA,ANA ,PAREDES,GUTIERREZ,M,,SAMSUNG,5505DT15LS7LPES,DT1SHCAR407966J,BLANCO,1.00,,,U,05/03/2023 14:59:48,,
740877000011,3055,MONITOR A COLOR,32,ALMACEN TALLER MAESTRANZA - ILLPA,CONTROL PATRIMONIAL,TALLER ILLPA,ANA ,PAREDES,GUTIERREZ,M,,GOLDSTAR,1460DL,237F470471A,,1.00,,,U,05/03/2023 14:59:53,,
740877000043,3078,MONITOR A COLOR,32,ALMACEN TALLER MAESTRANZA - ILLPA,CONTROL PATRIMONIAL,TALLER ILLPA,ANA ,PAREDES,GUTIERREZ,M,,,,,,613.87,,,U,05/03/2023 15:00:13,,
740877000016,3060,MONITOR A COLOR,32,ALMACEN TALLER MAESTRANZA - ILLPA,CONTROL PATRIMONIAL,TALLER ILLPA,ANA ,PAREDES,GUTIERREZ,M,,,CVM4967T,H8JD703953,,782.14,,,U,05/03/2023 15:00:19,,
740877000032,3070,MONITOR A COLOR,32,ALMACEN TALLER MAESTRANZA - ILLPA,CONTROL PATRIMONIAL,TALLER ILLPA,ANA ,PAREDES,GUTIERREZ,M,,SAMSUNG,,,,737.42,,,U,05/03/2023 15:00:27,,
740877000024,3065,MONITOR A COLOR,32,ALMACEN TALLER MAESTRANZA - ILLPA,CONTROL PATRIMONIAL,TALLER ILLPA,ANA ,PAREDES,GUTIERREZ,M,,SAMSUNG,450 MB,DP14HCEKC14858Y,BLANCO,565.95,,,U,05/03/2023 15:00:30,,
740877000045,3080,MONITOR A COLOR,32,ALMACEN TALLER MAESTRANZA - ILLPA,CONTROL PATRIMONIAL,TALLER ILLPA,ANA ,PAREDES,GUTIERREZ,M,,SAMSUNG,,,BLANCO,683.25,,,U,05/03/2023 15:00:31,,
740877000017,3061,MONITOR A COLOR,32,ALMACEN TALLER MAESTRANZA - ILLPA,CONTROL PATRIMONIAL,TALLER ILLPA,ANA ,PAREDES,GUTIERREZ,M,,,SYNCMASTER,HA14CEK316934A-PE,,1.00,,,U,05/03/2023 15:00:41,,
740877000014,3058,MONITOR A COLOR,32,ALMACEN TALLER MAESTRANZA - ILLPA,CONTROL PATRIMONIAL,TALLER ILLPA,ANA ,PAREDES,GUTIERREZ,M,,SAMSUNG,CVM49677T,HIEC804862,,475.29,,,U,05/03/2023 15:00:43,,
740877000001,3050,MONITOR A COLOR,32,ALMACEN TALLER MAESTRANZA - ILLPA,CONTROL PATRIMONIAL,TALLER ILLPA,ANA ,PAREDES,GUTIERREZ,M,,SAMSUNG,CVB4587 CQB4147,HCDH700320,BLANCO,1.00,,,U,05/03/2023 15:01:14,,
740877000009,3054,MONITOR A COLOR,32,ALMACEN TALLER MAESTRANZA - ILLPA,CONTROL PATRIMONIAL,TALLER ILLPA,ANA ,PAREDES,GUTIERREZ,M,,SAMSUNG,,H82C70567,MARFIL,930.59,,,U,05/03/2023 15:01:23,,
740877000048,3083,MONITOR A COLOR,32,ALMACEN TALLER MAESTRANZA - ILLPA,CONTROL PATRIMONIAL,TALLER ILLPA,ANA ,PAREDES,GUTIERREZ,M,,FLATRON,,,NEGRO,465.36,,,U,05/03/2023 15:01:25,,
740877000013,3057,MONITOR A COLOR,32,ALMACEN TALLER MAESTRANZA - ILLPA,CONTROL PATRIMONIAL,TALLER ILLPA,ANA ,PAREDES,GUTIERREZ,M,,SAMSUNG,CVM4967P,HBWF602204,,1.00,,,U,05/03/2023 15:02:16,,
740877000012,3056,MONITOR A COLOR,32,ALMACEN TALLER MAESTRANZA - ILLPA,CONTROL PATRIMONIAL,TALLER ILLPA,ANA ,PAREDES,GUTIERREZ,M,,SAMSUNG,CQA4147,H8WG103308,,1.00,,,U,05/03/2023 15:02:19,,
740877000037,3072,MONITOR A COLOR,32,ALMACEN TALLER MAESTRANZA - ILLPA,CONTROL PATRIMONIAL,TALLER ILLPA,ANA ,PAREDES,GUTIERREZ,M,,,,,,771.75,,,U,05/03/2023 15:02:21,,
740877000006,3053,MONITOR A COLOR,32,ALMACEN TALLER MAESTRANZA - ILLPA,CONTROL PATRIMONIAL,TALLER ILLPA,ANA ,PAREDES,GUTIERREZ,M,,SAMSUNG,CBM4967,H8UBB09103,,1.00,,,U,05/03/2023 15:02:34,,
676473450010,3190,TRIPODE DE MADERA,32,ALMACEN TALLER MAESTRANZA - ILLPA,CONTROL PATRIMONIAL,TALLER ILLPA,ANA ,PAREDES,GUTIERREZ,M,,,,,,921.14,,,U,05/03/2023 15:02:49,,
676473450012,3192,TRIPODE DE MADERA,32,ALMACEN TALLER MAESTRANZA - ILLPA,CONTROL PATRIMONIAL,TALLER ILLPA,ANA ,PAREDES,GUTIERREZ,M,,,,,ANARANJADO,863.00,,,U,05/03/2023 15:02:58,,
46436500044,3039,MIRA TOPOGRAFICA,32,ALMACEN TALLER MAESTRANZA - ILLPA,CONTROL PATRIMONIAL,TALLER ILLPA,ANA ,PAREDES,GUTIERREZ,M,,,,,,550.00,,,U,05/03/2023 15:03:52,,
46436500037,3037,MIRA TOPOGRAFICA,32,ALMACEN TALLER MAESTRANZA - ILLPA,CONTROL PATRIMONIAL,TALLER ILLPA,ANA ,PAREDES,GUTIERREZ,M,,,,,,605.00,,,U,05/03/2023 15:04:18,,
46436500045,3040,MIRA TOPOGRAFICA,32,ALMACEN TALLER MAESTRANZA - ILLPA,CONTROL PATRIMONIAL,TALLER ILLPA,ANA ,PAREDES,GUTIERREZ,M,,,,,,550.00,,,U,05/03/2023 15:04:30,,
46436500042,3038,MIRA TOPOGRAFICA,32,ALMACEN TALLER MAESTRANZA - ILLPA,CONTROL PATRIMONIAL,TALLER ILLPA,ANA ,PAREDES,GUTIERREZ,M,,,,,,550.00,,,U,05/03/2023 15:04:36,,
46436500013,3036,MIRA TOPOGRAFICA,32,ALMACEN TALLER MAESTRANZA - ILLPA,CONTROL PATRIMONIAL,TALLER ILLPA,ANA ,PAREDES,GUTIERREZ,M,,,,,,716.80,,,U,05/03/2023 15:04:40,,
740836500012,2964,IMPRESORA A INYECCION DE TINTA,32,ALMACEN TALLER MAESTRANZA - ILLPA,CONTROL PATRIMONIAL,TALLER ILLPA,ANA ,PAREDES,GUTIERREZ,M,,HP,DESKJET 3650,,AZUL/PLOMO,455.00,,,U,05/03/2023 15:08:30,,
740836500008,2961,IMPRESORA A INYECCION DE TINTA,32,ALMACEN TALLER MAESTRANZA - ILLPA,CONTROL PATRIMONIAL,TALLER ILLPA,ANA ,PAREDES,GUTIERREZ,M,,HP,DESKJET 842C,CNDB71P1T7,PLOMO,785.00,,,U,05/03/2023 15:09:22,,
740836500007,2960,IMPRESORA A INYECCION DE TINTA,32,ALMACEN TALLER MAESTRANZA - ILLPA,CONTROL PATRIMONIAL,TALLER ILLPA,ANA ,PAREDES,GUTIERREZ,M,,HP,DESKJET 810C,,BLANCO,1.00,,,U,05/03/2023 15:09:30,,
740836500010,398,IMPRESORA A INYECCION DE TINTA,41,ALMACEN TALLER MAESTRANZA - ILLPA,CONTROL PATRIMONIAL,TALLER ILLPA,ANA ,PAREDES,GUTIERREZ,M,,HP,DESKJET 3820,,AZUL/PLOMO,1.00,,,U,05/03/2023 15:09:43,,
740836500009,2962,IMPRESORA A INYECCION DE TINTA,32,ALMACEN TALLER MAESTRANZA - ILLPA,CONTROL PATRIMONIAL,TALLER ILLPA,ANA ,PAREDES,GUTIERREZ,M,,HP CANON,3820,,,490.00,,,U,05/03/2023 15:09:58,,
740877000041,3076,MONITOR A COLOR,32,ALMACEN TALLER MAESTRANZA - ILLPA,CONTROL PATRIMONIAL,TALLER ILLPA,ANA ,PAREDES,GUTIERREZ,M,,SAMSUNG,SAMSUNG SYNC MR,AN15HX6WB09303MPE,BLANCO,613.87,,,U,05/03/2023 15:11:11,,
740877000042,3077,MONITOR A COLOR,32,ALMACEN TALLER MAESTRANZA - ILLPA,CONTROL PATRIMONIAL,TALLER ILLPA,ANA ,PAREDES,GUTIERREZ,M,,SAMSUNG,SYNG MASTER ANV,AN 15 HX BW 748840,,613.87,,,U,05/03/2023 15:11:17,,
740836500011,2963,IMPRESORA A INYECCION DE TINTA,32,ALMACEN TALLER MAESTRANZA - ILLPA,CONTROL PATRIMONIAL,TALLER ILLPA,ANA ,PAREDES,GUTIERREZ,M,,HP,DESKJET 1938M-A,,BLANCO,385.00,,,U,05/03/2023 15:12:48,,
740836500002,2957,IMPRESORA A INYECCION DE TINTA,32,ALMACEN TALLER MAESTRANZA - ILLPA,CONTROL PATRIMONIAL,TALLER ILLPA,ANA ,PAREDES,GUTIERREZ,M,,CANON,BJC-10000,FCJ22457,BJC-10000,301.75,,,U,05/03/2023 15:13:06,,
740836500004,2959,IMPRESORA A INYECCION DE TINTA,32,ALMACEN TALLER MAESTRANZA - ILLPA,CONTROL PATRIMONIAL,TALLER ILLPA,ANA ,PAREDES,GUTIERREZ,M,,HP,840C,NX12RU10076,BLANCO/PLOMO,1.00,,,U,05/03/2023 15:13:19,,
740836500003,2958,IMPRESORA A INYECCION DE TINTA,32,ALMACEN TALLER MAESTRANZA - ILLPA,CONTROL PATRIMONIAL,TALLER ILLPA,ANA ,PAREDES,GUTIERREZ,M,,HP,DESKJET 950C,1X610038/1,BLANCO,1.00,,,U,05/03/2023 15:13:28,,
740832000012,2952,IMPRESORA (OTRAS),32,ALMACEN TALLER MAESTRANZA - ILLPA,CONTROL PATRIMONIAL,TALLER ILLPA,ANA ,PAREDES,GUTIERREZ,M,,HP,DESKJET 2420,,AZUL/PLOMO,1.00,,,U,05/03/2023 15:13:34,,
602288190003,3943,TEODOLITO DE MICROMETRO OPTICO,35,ALMACEN TALLER MAESTRANZA - ILLPA,CONTROL PATRIMONIAL,TALLER ILLPA,ANA ,PAREDES,GUTIERREZ,M,,CARL  ZEISS,,202804,AMARILLO,8475.00,,,U,05/03/2023 15:14:47,,
676473450011,3191,TRIPODE DE MADERA,32,ALMACEN TALLER MAESTRANZA - ILLPA,CONTROL PATRIMONIAL,TALLER ILLPA,ANA ,PAREDES,GUTIERREZ,M,,,,,ANARANJADO,2.00,,,U,05/03/2023 15:14:58,,
952258120003,3042,MONITOR (OTROS),32,ALMACEN TALLER MAESTRANZA - ILLPA,CONTROL PATRIMONIAL,TALLER ILLPA,ANA ,PAREDES,GUTIERREZ,M,,LG,L175375,805NDSR6X523,NEGRO,742.80,,,U,05/03/2023 15:15:12,,
740881870002,3088,MONITOR PLANO,32,ALMACEN TALLER MAESTRANZA - ILLPA,CONTROL PATRIMONIAL,TALLER ILLPA,ANA ,PAREDES,GUTIERREZ,M,,LG,,904NDAGQ568,NEGRO,1.00,,,U,05/03/2023 15:16:19,,
746456780001,3003,MESITA DE METAL PARA MAQUINA DE ESCRIBIR,32,ALMACEN TALLER MAESTRANZA - ILLPA,CONTROL PATRIMONIAL,TALLER ILLPA,ANA ,PAREDES,GUTIERREZ,R,,1,,,PLOMO/MADERA,1.00,,,U,05/03/2023 15:16:57,,
746403890009,2894,ARCHIVADOR DE METAL,32,ALMACEN TALLER MAESTRANZA - ILLPA,CONTROL PATRIMONIAL,TALLER ILLPA,ANA ,PAREDES,GUTIERREZ,R,0.45X0.60X1.34,,4 GAVETAS,,PLOMO/NEGRO,1.00,,,U,05/03/2023 15:18:56,,
746437120047,2931,ESCRITORIO DE MADERA,32,ALMACEN TALLER MAESTRANZA - ILLPA,CONTROL PATRIMONIAL,TALLER ILLPA,ANA ,PAREDES,GUTIERREZ,M,,,GERENCIAL,,NARANJA,430.00,,,U,05/03/2023 15:19:10,,
740841000004,3589,IMPRESORA LASER,35,ALMACEN TALLER MAESTRANZA - ILLPA,CONTROL PATRIMONIAL,TALLER ILLPA,ANA ,PAREDES,GUTIERREZ,M,,HP,LASERJET P1006,VNF3T68515,NEGRO,475.00,,,U,05/03/2023 15:19:58,,
740899500152,3241,UNIDAD CENTRAL DE PROCESO - CPU,32,ALMACEN TALLER MAESTRANZA - ILLPA,CONTROL PATRIMONIAL,TALLER ILLPA,ANA ,PAREDES,GUTIERREZ,M,,BELL,,,NEGRO,1.00,,,U,05/03/2023 15:20:24,,
740895000143,3159,TECLADO - KEYBOARD,32,ALMACEN TALLER MAESTRANZA - ILLPA,CONTROL PATRIMONIAL,TALLER ILLPA,ANA ,PAREDES,GUTIERREZ,R,,GENIUS,KU-0138,ZCE996900562,NEGRO,29.00,,,U,05/03/2023 15:23:24,,
740895000118,3156,TECLADO - KEYBOARD,32,ALMACEN TALLER MAESTRANZA - ILLPA,CONTROL PATRIMONIAL,TALLER ILLPA,ANA ,PAREDES,GUTIERREZ,M,,GENIUS,,WV1355384725,NEGRO,39.57,,,U,05/03/2023 15:23:31,,
740895000071,3143,TECLADO - KEYBOARD,32,ALMACEN TALLER MAESTRANZA - ILLPA,CONTROL PATRIMONIAL,TALLER ILLPA,ANA ,PAREDES,GUTIERREZ,M,,BTC,5199,,BLANCO,42.60,,,U,05/03/2023 15:23:34,,
740895000031,3127,TECLADO - KEYBOARD,32,ALMACEN TALLER MAESTRANZA - ILLPA,CONTROL PATRIMONIAL,TALLER ILLPA,ANA ,PAREDES,GUTIERREZ,M,,BTC,5199,,BLANCO,1.00,,,U,05/03/2023 15:23:38,,
740895000171,3162,TECLADO - KEYBOARD,32,ALMACEN TALLER MAESTRANZA - ILLPA,CONTROL PATRIMONIAL,TALLER ILLPA,ANA ,PAREDES,GUTIERREZ,M,,BOMER,,,NEGRO/AZUL,1.00,,,U,05/03/2023 15:24:33,,
740895000172,3163,TECLADO - KEYBOARD,32,ALMACEN TALLER MAESTRANZA - ILLPA,CONTROL PATRIMONIAL,TALLER ILLPA,ANA ,PAREDES,GUTIERREZ,M,,BTC,,GO9331036545,BLANCO,1.00,,,U,05/03/2023 15:24:36,,
740895000003,3118,TECLADO - KEYBOARD,32,ALMACEN TALLER MAESTRANZA - ILLPA,CONTROL PATRIMONIAL,TALLER ILLPA,ANA ,PAREDES,GUTIERREZ,M,,BTC,5201,E5XB512WTH0110,BLANCO,1.00,,,U,05/03/2023 15:24:39,,
740895000034,3129,TECLADO - KEYBOARD,32,ALMACEN TALLER MAESTRANZA - ILLPA,CONTROL PATRIMONIAL,TALLER ILLPA,ANA ,PAREDES,GUTIERREZ,M,,BTC,5199,T133000543,BLANCO,39.27,,,U,05/03/2023 15:24:42,,
740895000022,3122,TECLADO - KEYBOARD,32,ALMACEN TALLER MAESTRANZA - ILLPA,CONTROL PATRIMONIAL,TALLER ILLPA,ANA ,PAREDES,GUTIERREZ,M,,SUNSHINE,,V44130731,BLANCO,59.00,,,U,05/03/2023 15:25:25,,
740895000097,3154,TECLADO - KEYBOARD,32,ALMACEN TALLER MAESTRANZA - ILLPA,CONTROL PATRIMONIAL,TALLER ILLPA,ANA ,PAREDES,GUTIERREZ,M,,GENIUS,,4B24C1U132338,NEGRO,50.83,,,U,05/03/2023 15:25:28,,
740895000138,3158,TECLADO - KEYBOARD,32,ALMACEN TALLER MAESTRANZA - ILLPA,CONTROL PATRIMONIAL,TALLER ILLPA,ANA ,PAREDES,GUTIERREZ,M,,BOMER,,,NEGRO/AZUL,58.88,,,U,05/03/2023 15:25:29,,
740895000063,3137,TECLADO - KEYBOARD,32,ALMACEN TALLER MAESTRANZA - ILLPA,CONTROL PATRIMONIAL,TALLER ILLPA,ANA ,PAREDES,GUTIERREZ,M,,TURBO PLUS,,9705309795,BLANCO,1.00,,,U,05/03/2023 15:25:32,,
740895000036,3131,TECLADO - KEYBOARD,32,ALMACEN TALLER MAESTRANZA - ILLPA,CONTROL PATRIMONIAL,TALLER ILLPA,ANA ,PAREDES,GUTIERREZ,M,,BTC,5199,3892A045,BLANCO,1.00,,,U,05/03/2023 15:26:26,,
740895000080,3148,TECLADO - KEYBOARD,32,ALMACEN TALLER MAESTRANZA - ILLPA,CONTROL PATRIMONIAL,TALLER ILLPA,ANA ,PAREDES,GUTIERREZ,R,,MICRONICS,MIC K-502,,PLOMO/NEGRO,63.84,,,U,05/03/2023 15:26:28,,
740895000020,3121,TECLADO - KEYBOARD,32,ALMACEN TALLER MAESTRANZA - ILLPA,CONTROL PATRIMONIAL,TALLER ILLPA,ANA ,PAREDES,GUTIERREZ,M,,BTC,5121,81406677,BLANCO,78.00,,,U,05/03/2023 15:26:31,,
740895000042,3134,TECLADO - KEYBOARD,32,ALMACEN TALLER MAESTRANZA - ILLPA,CONTROL PATRIMONIAL,TALLER ILLPA,ANA ,PAREDES,GUTIERREZ,M,,BTC,5199,SC57210790,BLANCO,1.00,,,U,05/03/2023 15:26:38,,
740895000033,3128,TECLADO - KEYBOARD,32,ALMACEN TALLER MAESTRANZA - ILLPA,CONTROL PATRIMONIAL,TALLER ILLPA,ANA ,PAREDES,GUTIERREZ,M,,BTC,5199,1133005446,BLANCO,46.73,,,U,05/03/2023 15:26:43,,
740895000073,3145,TECLADO - KEYBOARD,32,ALMACEN TALLER MAESTRANZA - ILLPA,CONTROL PATRIMONIAL,TALLER ILLPA,ANA ,PAREDES,GUTIERREZ,M,,BTC,5199,,BLANCO/PLOMO,47.41,,,U,05/03/2023 15:27:37,,
740895000085,3150,TECLADO - KEYBOARD,32,ALMACEN TALLER MAESTRANZA - ILLPA,CONTROL PATRIMONIAL,TALLER ILLPA,ANA ,PAREDES,GUTIERREZ,M,,CYBERLINK,,,NEGRO,51.52,,,U,05/03/2023 15:27:44,,
740895000121,3157,TECLADO - KEYBOARD,32,ALMACEN TALLER MAESTRANZA - ILLPA,CONTROL PATRIMONIAL,TALLER ILLPA,ANA ,PAREDES,GUTIERREZ,M,,GENIUS,KU-39,ZM7302059082,NEGRO,39.20,,,U,05/03/2023 15:27:51,,
740895000176,3166,TECLADO - KEYBOARD,32,ALMACEN TALLER MAESTRANZA - ILLPA,CONTROL PATRIMONIAL,TALLER ILLPA,ANA ,PAREDES,GUTIERREZ,M,,OLIVETTI,ANK61-105,,BLANCO,1.00,,,U,05/03/2023 15:27:59,,
740895000069,3141,TECLADO - KEYBOARD,32,ALMACEN TALLER MAESTRANZA - ILLPA,CONTROL PATRIMONIAL,TALLER ILLPA,ANA ,PAREDES,GUTIERREZ,M,,BTC,5199,,BLANCO,30.00,,,U,05/03/2023 15:28:04,,
740895000072,3144,TECLADO - KEYBOARD,32,ALMACEN TALLER MAESTRANZA - ILLPA,CONTROL PATRIMONIAL,TALLER ILLPA,ANA ,PAREDES,GUTIERREZ,M,,BTC,5199 PS/2,,BLANCO/PLOMO,40.32,,,U,05/03/2023 15:29:11,,
740895000175,3165,TECLADO - KEYBOARD,32,ALMACEN TALLER MAESTRANZA - ILLPA,CONTROL PATRIMONIAL,TALLER ILLPA,ANA ,PAREDES,GUTIERREZ,M,,BTC,5199,,BLANCO,1.00,,,U,05/03/2023 15:30:09,,
740895000168,3160,TECLADO - KEYBOARD,32,ALMACEN TALLER MAESTRANZA - ILLPA,CONTROL PATRIMONIAL,TALLER ILLPA,ANA ,PAREDES,GUTIERREZ,M,,CYBERTEL,,,NEGRO,1.00,,,U,05/03/2023 15:30:10,,
740895000024,3123,TECLADO - KEYBOARD,32,ALMACEN TALLER MAESTRANZA - ILLPA,CONTROL PATRIMONIAL,TALLER ILLPA,ANA ,PAREDES,GUTIERREZ,M,,BTC,5199,B10502410,BLANCO,1.00,,,U,05/03/2023 15:30:15,,
740895000170,3161,TECLADO - KEYBOARD,32,ALMACEN TALLER MAESTRANZA - ILLPA,CONTROL PATRIMONIAL,TALLER ILLPA,ANA ,PAREDES,GUTIERREZ,M,,GENIUS,K7000,H0104284402,BLANCO,1.00,,,U,05/03/2023 15:31:01,,
740895000082,3149,TECLADO - KEYBOARD,32,ALMACEN TALLER MAESTRANZA - ILLPA,CONTROL PATRIMONIAL,TALLER ILLPA,ANA ,PAREDES,GUTIERREZ,M,,CYBERTEL,,CYBK238,PLOMO/NEGRO,51.08,,,U,05/03/2023 15:31:05,,
740895000116,3155,TECLADO - KEYBOARD,32,ALMACEN TALLER MAESTRANZA - ILLPA,CONTROL PATRIMONIAL,TALLER ILLPA,ANA ,PAREDES,GUTIERREZ,M,,CYBERTEL,CYBT100,CYB-K238,NEGRO,47.14,,,U,05/03/2023 15:31:06,,
740895000174,3164,TECLADO - KEYBOARD,32,ALMACEN TALLER MAESTRANZA - ILLPA,CONTROL PATRIMONIAL,TALLER ILLPA,ANA ,PAREDES,GUTIERREZ,M,,BOMER,,,NEGRO,1.00,,,U,05/03/2023 15:31:15,,
740895000039,3132,TECLADO - KEYBOARD,32,ALMACEN TALLER MAESTRANZA - ILLPA,CONTROL PATRIMONIAL,TALLER ILLPA,ANA ,PAREDES,GUTIERREZ,M,,BTC,5121,,BLANCO,1.00,,,U,05/03/2023 15:31:20,,
740895000015,3120,TECLADO - KEYBOARD,32,ALMACEN TALLER MAESTRANZA - ILLPA,CONTROL PATRIMONIAL,TALLER ILLPA,ANA ,PAREDES,GUTIERREZ,M,,ACER,6311-T,K6361241116,BLANCO,53.98,,,U,05/03/2023 15:31:29,,
740895000002,3117,TECLADO - KEYBOARD,32,ALMACEN TALLER MAESTRANZA - ILLPA,CONTROL PATRIMONIAL,TALLER ILLPA,ANA ,PAREDES,GUTIERREZ,M,,BTC,5199,KA6552011,BLANCO,1.00,,,U,05/03/2023 15:31:33,,
740895000089,3151,TECLADO - KEYBOARD,32,ALMACEN TALLER MAESTRANZA - ILLPA,CONTROL PATRIMONIAL,TALLER ILLPA,ANA ,PAREDES,GUTIERREZ,M,,MARKVISION,,,NEGRO,52.48,,,U,05/03/2023 15:33:23,,
740895000181,3168,TECLADO - KEYBOARD,32,ALMACEN TALLER MAESTRANZA - ILLPA,CONTROL PATRIMONIAL,TALLER ILLPA,ANA ,PAREDES,GUTIERREZ,M,,TURBO TRAK,,HQK BTTS9001,BLANCO,1.00,,,U,05/03/2023 15:33:29,,
740895000067,3140,TECLADO - KEYBOARD,32,ALMACEN TALLER MAESTRANZA - ILLPA,CONTROL PATRIMONIAL,TALLER ILLPA,ANA ,PAREDES,GUTIERREZ,M,,BTC,5199,,BLANCO/PLOMO,41.89,,,U,05/03/2023 15:33:36,,
740895000041,3133,TECLADO - KEYBOARD,32,ALMACEN TALLER MAESTRANZA - ILLPA,CONTROL PATRIMONIAL,TALLER ILLPA,ANA ,PAREDES,GUTIERREZ,M,,BTC,5201,1950000146,BLANCO,1.00,,,U,05/03/2023 15:34:39,,
740895000090,3152,TECLADO - KEYBOARD,32,ALMACEN TALLER MAESTRANZA - ILLPA,CONTROL PATRIMONIAL,TALLER ILLPA,ANA ,PAREDES,GUTIERREZ,M,,ALTRON,,,NEGRO,45.95,,,U,05/03/2023 15:34:42,,
740895000190,3170,TECLADO - KEYBOARD,32,ALMACEN TALLER MAESTRANZA - ILLPA,CONTROL PATRIMONIAL,TALLER ILLPA,ANA ,PAREDES,GUTIERREZ,M,,BOOMER,,,NEGRO/AZUL,1.00,,,U,05/03/2023 15:34:46,,
740895000045,3136,TECLADO - KEYBOARD,32,ALMACEN TALLER MAESTRANZA - ILLPA,CONTROL PATRIMONIAL,TALLER ILLPA,ANA ,PAREDES,GUTIERREZ,M,,BTC,5121W,D 83704607,BLANCO,51.08,,,U,05/03/2023 15:34:48,,
740895000064,3138,TECLADO - KEYBOARD,32,ALMACEN TALLER MAESTRANZA - ILLPA,CONTROL PATRIMONIAL,TALLER ILLPA,ANA ,PAREDES,GUTIERREZ,M,,BTC,5199,,BLANCO/PLOMO,53.55,,,U,05/03/2023 15:35:13,,
740895000070,3142,TECLADO - KEYBOARD,32,ALMACEN TALLER MAESTRANZA - ILLPA,CONTROL PATRIMONIAL,TALLER ILLPA,ANA ,PAREDES,GUTIERREZ,M,,BTC,5199,,BLANCO,42.60,,,U,05/03/2023 15:35:16,,
740895000030,3126,TECLADO - KEYBOARD,32,ALMACEN TALLER MAESTRANZA - ILLPA,CONTROL PATRIMONIAL,TALLER ILLPA,ANA ,PAREDES,GUTIERREZ,M,,BTC,5199,E5XK85199,BLANCO,1.00,,,U,05/03/2023 15:35:18,,
740895000027,3125,TECLADO - KEYBOARD,32,ALMACEN TALLER MAESTRANZA - ILLPA,CONTROL PATRIMONIAL,TALLER ILLPA,ANA ,PAREDES,GUTIERREZ,M,,CERTIFIED,5530KPS,K693806861,BLANCO,1.00,,,U,05/03/2023 15:36:29,,
740895000179,3167,TECLADO - KEYBOARD,32,ALMACEN TALLER MAESTRANZA - ILLPA,CONTROL PATRIMONIAL,TALLER ILLPA,ANA ,PAREDES,GUTIERREZ,M,,BTC,5199,,PLOMO/BLANCO,1.00,,,U,05/03/2023 15:36:31,,
740895000035,3130,TECLADO - KEYBOARD,32,ALMACEN TALLER MAESTRANZA - ILLPA,CONTROL PATRIMONIAL,TALLER ILLPA,ANA ,PAREDES,GUTIERREZ,M,,BTC,5199,Y13300549,BLANCO,1.00,,,U,05/03/2023 15:36:46,,
740895000075,3146,TECLADO - KEYBOARD,32,ALMACEN TALLER MAESTRANZA - ILLPA,CONTROL PATRIMONIAL,TALLER ILLPA,ANA ,PAREDES,GUTIERREZ,M,,BTC,9000A,,BLANCO/PLOMO,31.81,,,U,05/03/2023 15:37:33,,
740895000185,3169,TECLADO - KEYBOARD,32,ALMACEN TALLER MAESTRANZA - ILLPA,CONTROL PATRIMONIAL,TALLER ILLPA,ANA ,PAREDES,GUTIERREZ,M,,GENIUS,,XED207011741,NEGRO,1.00,,,U,05/03/2023 15:37:35,,
740895000009,3119,TECLADO - KEYBOARD,32,ALMACEN TALLER MAESTRANZA - ILLPA,CONTROL PATRIMONIAL,TALLER ILLPA,ANA ,PAREDES,GUTIERREZ,M,,BTC,DK 100,FCCDEXKBM10140,BLANCO,1.00,,,U,05/03/2023 15:37:53,,
740895000065,3139,TECLADO - KEYBOARD,32,ALMACEN TALLER MAESTRANZA - ILLPA,CONTROL PATRIMONIAL,TALLER ILLPA,ANA ,PAREDES,GUTIERREZ,M,,BTC,5199,389 2A 045,BLANCO,43.68,,,U,05/03/2023 15:38:29,,
740895000079,3147,TECLADO - KEYBOARD,32,ALMACEN TALLER MAESTRANZA - ILLPA,CONTROL PATRIMONIAL,TALLER ILLPA,ANA ,PAREDES,GUTIERREZ,M,,GENIUS,,15003815,NEGRO,49.52,,,U,05/03/2023 15:38:33,,
740895000025,3124,TECLADO - KEYBOARD,32,ALMACEN TALLER MAESTRANZA - ILLPA,CONTROL PATRIMONIAL,TALLER ILLPA,ANA ,PAREDES,GUTIERREZ,M,,ACER,6511TW,K6564031389,BLANCO,1.00,,,U,05/03/2023 15:38:34,,
740895000044,3135,TECLADO - KEYBOARD,32,ALMACEN TALLER MAESTRANZA - ILLPA,CONTROL PATRIMONIAL,TALLER ILLPA,ANA ,PAREDES,GUTIERREZ,M,,BTC,5121,81406671,BLANCO,1.00,,,U,05/03/2023 15:38:39,,
740895000094,3153,TECLADO - KEYBOARD,32,ALMACEN TALLER MAESTRANZA - ILLPA,CONTROL PATRIMONIAL,TALLER ILLPA,ANA ,PAREDES,GUTIERREZ,M,,GENIUS,,2CEDA6500180,NEGRO,56.38,,,U,05/03/2023 15:38:44,,
952237910003,2941,FACSIMIL,32,ALMACEN TALLER MAESTRANZA - ILLPA,CONTROL PATRIMONIAL,TALLER ILLPA,ANA ,PAREDES,GUTIERREZ,M,,PANASONIC,KX-F750,4JCHB028031,NEGRO,1.00,,,U,05/03/2023 15:40:12,,
740845500024,2976,IMPRESORA MATRIZ DE PUNTO,32,ALMACEN TALLER MAESTRANZA - ILLPA,CONTROL PATRIMONIAL,TALLER ILLPA,ANA ,PAREDES,GUTIERREZ,M,,EPSON,LX-200,1Q6E058222,BLANCO,1.00,,,U,05/03/2023 15:41:26,,
742237960005,2985,MAQUINA DE ESCRIBIR ELECTRICA,32,ALMACEN TALLER MAESTRANZA - ILLPA,CONTROL PATRIMONIAL,TALLER ILLPA,ANA ,PAREDES,GUTIERREZ,M,,,ET-111,604880,,1.00,,,U,05/03/2023 15:48:26,,
742227260001,2943,FOTOCOPIADORA EN GENERAL,32,ALMACEN TALLER MAESTRANZA - ILLPA,CONTROL PATRIMONIAL,TALLER ILLPA,ANA ,PAREDES,GUTIERREZ,M,,,NP1010F1729000,PTG16446,CREMA,1.00,,,U,05/03/2023 15:48:28,,
742227260006,2944,FOTOCOPIADORA EN GENERAL,32,ALMACEN TALLER MAESTRANZA - ILLPA,CONTROL PATRIMONIAL,TALLER ILLPA,ANA ,PAREDES,GUTIERREZ,M,,KYOCERA,KM-1635,PMF 6200251,,1.00,,,U,05/03/2023 15:48:30,,
952258120060,3047,MONITOR (OTROS),32,ALMACEN TALLER MAESTRANZA - ILLPA,CONTROL PATRIMONIAL,TALLER ILLPA,ANA ,PAREDES,GUTIERREZ,R,,SAMSUNG,,ZWQ1HTJC700708J,NEGRO,692.86,,,U,05/03/2023 15:48:55,,
746406600015,2898,ARMARIO DE METAL,32,ALMACEN TALLER MAESTRANZA - ILLPA,CONTROL PATRIMONIAL,TALLER ILLPA,ANA ,PAREDES,GUTIERREZ,R,0.50X2.10X1.00,,2 DIVISIONES,,PLOMO,1.00,,,U,05/03/2023 15:52:27,,
746406600018,2900,ARMARIO DE METAL,32,ALMACEN TALLER MAESTRANZA - ILLPA,CONTROL PATRIMONIAL,TALLER ILLPA,ANA ,PAREDES,GUTIERREZ,R,0.50X2.10X1.00,,2 DIVISIONES 2N,,PLOMO,1.00,,,U,05/03/2023 15:52:42,,
746441860001,2936,ESTANTE DE METAL,32,ALMACEN TALLER MAESTRANZA - ILLPA,CONTROL PATRIMONIAL,TALLER ILLPA,ANA ,PAREDES,GUTIERREZ,M,,,ANDAMIO,,PLOMO,1.00,ELIMINAR,,U,05/03/2023 15:52:47,,
746498820002,3245,VITRINA DE METAL,32,ALMACEN TALLER MAESTRANZA - ILLPA,CONTROL PATRIMONIAL,TALLER ILLPA,ANA ,PAREDES,GUTIERREZ,R,0.50X1.95X1.60,,,,NEGRO,1.00,,,U,05/03/2023 15:52:57,,
746406600006,2895,ARMARIO DE METAL,32,ALMACEN TALLER MAESTRANZA - ILLPA,CONTROL PATRIMONIAL,TALLER ILLPA,ANA ,PAREDES,GUTIERREZ,M,0.45X0.89X1.80,,2 PUERTAS 2NIVE,,PLOMO/NEGRO,1.00,,,U,05/03/2023 15:53:08,,
746406600017,2899,ARMARIO DE METAL,32,ALMACEN TALLER MAESTRANZA - ILLPA,CONTROL PATRIMONIAL,TALLER ILLPA,ANA ,PAREDES,GUTIERREZ,M,0.45X0.89X1.80,,2 PUERTAS 2NIV,,PLOMO/NEGRO,1.00,,,U,05/03/2023 15:53:13,,
746437120014,2930,ESCRITORIO DE MADERA,32,ALMACEN TALLER MAESTRANZA - ILLPA,CONTROL PATRIMONIAL,TALLER ILLPA,ANA ,PAREDES,GUTIERREZ,M,0.62x0.76x1.06,,,,CAFE,1.00,,,U,05/03/2023 15:53:20,,
746449320001,2994,MESA DE MADERA,32,ALMACEN TALLER MAESTRANZA - ILLPA,CONTROL PATRIMONIAL,TALLER ILLPA,ANA ,PAREDES,GUTIERREZ,M,0.59X1.46X0.84,,,,CAFÉ,1.00,,,U,05/03/2023 15:53:28,,
746403890004,2892,ARCHIVADOR DE METAL,32,ALMACEN TALLER MAESTRANZA - ILLPA,CONTROL PATRIMONIAL,TALLER ILLPA,ANA ,PAREDES,GUTIERREZ,R,0.47X0.64X1.33,,4 GAVETAS,,PLOMO/NEGRO,1.00,,,U,05/03/2023 15:57:31,,
675080890033,3009,MEZCLADORA DE CONCRETO TIPO TROMPO,32,ALMACEN TALLER MAESTRANZA - ILLPA,CONTROL PATRIMONIAL,TALLER ILLPA,ANA ,PAREDES,GUTIERREZ,R,,DYNAMIC KOHLER,DYNAMIC 9P3 120,4003590079,,9790.00,,,U,05/03/2023 15:57:57,,
675080890071,3031,MEZCLADORA DE CONCRETO TIPO TROMPO,32,ALMACEN TALLER MAESTRANZA - ILLPA,CONTROL PATRIMONIAL,TALLER ILLPA,ANA ,PAREDES,GUTIERREZ,M,,HONDA DYNAMIC,GX390,GCAFH-0313765,,5057.00,,,U,05/03/2023 15:59:27,,
675080890035,3011,MEZCLADORA DE CONCRETO TIPO TROMPO,32,ALMACEN TALLER MAESTRANZA - ILLPA,CONTROL PATRIMONIAL,TALLER ILLPA,ANA ,PAREDES,GUTIERREZ,M,,DYNAMIC KOHLER,M 12,4003590229,,9790.00,,,U,05/03/2023 15:59:32,,
675080890053,3022,MEZCLADORA DE CONCRETO TIPO TROMPO,32,ALMACEN TALLER MAESTRANZA - ILLPA,CONTROL PATRIMONIAL,TALLER ILLPA,ANA ,PAREDES,GUTIERREZ,M,,HONDA DYNAMIC,MDC 11P/GX390,"M11-997-12, GCAHF 02",,6600.00,,,U,05/03/2023 16:00:13,,
675080890028,3005,MEZCLADORA DE CONCRETO TIPO TROMPO,32,ALMACEN TALLER MAESTRANZA - ILLPA,CONTROL PATRIMONIAL,TALLER ILLPA,ANA ,PAREDES,GUTIERREZ,M,,DYNAMIC KOHLER,MDC9P/M12,1024796,,1.00,,,U,05/03/2023 16:30:32,,
675080890054,3023,MEZCLADORA DE CONCRETO TIPO TROMPO,32,ALMACEN TALLER MAESTRANZA - ILLPA,CONTROL PATRIMONIAL,TALLER ILLPA,ANA ,PAREDES,GUTIERREZ,M,,HONDA DYNAMIC,MCD 11P/GX390,"M11-969-12, GCAFH-0.",,6600.00,,,U,05/03/2023 16:31:00,,
675080890050,3021,MEZCLADORA DE CONCRETO TIPO TROMPO,32,ALMACEN TALLER MAESTRANZA - ILLPA,CONTROL PATRIMONIAL,TALLER ILLPA,ANA ,PAREDES,GUTIERREZ,M,,DYNAMIC KOHLER,DYNAMIC KOHLER,M11-450-121/42069009,,6593.00,,,U,05/03/2023 16:32:27,,
675080890057,3026,MEZCLADORA DE CONCRETO TIPO TROMPO,32,ALMACEN TALLER MAESTRANZA - ILLPA,CONTROL PATRIMONIAL,TALLER ILLPA,ANA ,PAREDES,GUTIERREZ,M,,DINAMIC,MDCP/M12,4235215398,,4920.00,,,U,05/03/2023 16:32:38,,
673638490029,446,MEZCLADOR DE CONCRETO,41,ALMACEN TALLER MAESTRANZA - ILLPA,CONTROL PATRIMONIAL,TALLER ILLPA,ANA ,PAREDES,GUTIERREZ,M,,DYNAMIC,,,,1.00,,,U,05/03/2023 16:34:03,,
675080890080,3033,MEZCLADORA DE CONCRETO TIPO TROMPO,32,ALMACEN TALLER MAESTRANZA - ILLPA,CONTROL PATRIMONIAL,TALLER ILLPA,ANA ,PAREDES,GUTIERREZ,R,,DYNAMIC HONDA,GX390-389-CM3,1511180402-SU188F,,4600.00,,,U,05/03/2023 16:37:00,,
675080890058,3027,MEZCLADORA DE CONCRETO TIPO TROMPO,32,ALMACEN TALLER MAESTRANZA - ILLPA,CONTROL PATRIMONIAL,TALLER ILLPA,ANA ,PAREDES,GUTIERREZ,R,,DYNAMIC,MDCP/M12,4223000238,,5350.00,,,U,05/03/2023 16:39:19,,
675080890045,3018,MEZCLADORA DE CONCRETO TIPO TROMPO,32,ALMACEN TALLER MAESTRANZA - ILLPA,CONTROL PATRIMONIAL,TALLER ILLPA,ANA ,PAREDES,GUTIERREZ,M,,DYMANIC,DYNAMIC KOHLER2,4203800329,,6495.00,,,U,05/03/2023 16:39:56,,
675080890034,3010,MEZCLADORA DE CONCRETO TIPO TROMPO,32,ALMACEN TALLER MAESTRANZA - ILLPA,CONTROL PATRIMONIAL,TALLER ILLPA,ANA ,PAREDES,GUTIERREZ,M,,DYNAMIC KOHLER,DYNAMIC 9P312.P,3924490339,,9790.00,,,U,05/03/2023 16:41:42,,
675080890029,3006,MEZCLADORA DE CONCRETO TIPO TROMPO,32,ALMACEN TALLER MAESTRANZA - ILLPA,CONTROL PATRIMONIAL,TALLER ILLPA,ANA ,PAREDES,GUTIERREZ,M,,DYMANIC,,,,1.00,,,U,05/03/2023 16:42:00,,
675080890056,3025,MEZCLADORA DE CONCRETO TIPO TROMPO,32,ALMACEN TALLER MAESTRANZA - ILLPA,CONTROL PATRIMONIAL,TALLER ILLPA,ANA ,PAREDES,GUTIERREZ,R,,DYNAMIC,MDCP/M12,4225618028,,4920.00,,,U,05/03/2023 16:43:02,,
675080890083,3034,MEZCLADORA DE CONCRETO TIPO TROMPO,32,ALMACEN TALLER MAESTRANZA - ILLPA,CONTROL PATRIMONIAL,TALLER ILLPA,ANA ,PAREDES,GUTIERREZ,R,,DYNAMIC HONDA,GX390,1511180373,,4600.00,,,U,05/03/2023 16:44:27,,
746450680011,2998,MESA DE METAL,32,ALMACEN TALLER MAESTRANZA - ILLPA,CONTROL PATRIMONIAL,TALLER ILLPA,ANA ,PAREDES,GUTIERREZ,M,,,,,PLOMO,1.00,,,U,05/03/2023 16:44:37,,
746441860005,360,ESTANTE DE METAL,41,ALMACEN TALLER MAESTRANZA - ILLPA,CONTROL PATRIMONIAL,TALLER ILLPA,ANA ,PAREDES,GUTIERREZ,R,RANURADO,,5NIV 1 DIV,,PLOMO,1.00,,,U,05/03/2023 16:45:12,,
675026900003,2990,MAQUINA DE SOLDAR,32,ALMACEN TALLER MAESTRANZA - ILLPA,CONTROL PATRIMONIAL,TALLER ILLPA,ANA ,PAREDES,GUTIERREZ,M,,,BX3-2HT,857581,,1.00,,,U,05/03/2023 16:46:49,,
675026900002,2989,MAQUINA DE SOLDAR,32,ALMACEN TALLER MAESTRANZA - ILLPA,CONTROL PATRIMONIAL,TALLER ILLPA,ANA ,PAREDES,GUTIERREZ,M,,,,,,1.00,,,U,05/03/2023 16:47:06,,
675026900004,2991,MAQUINA DE SOLDAR,32,ALMACEN TALLER MAESTRANZA - ILLPA,CONTROL PATRIMONIAL,TALLER ILLPA,ANA ,PAREDES,GUTIERREZ,M,,,BX3 300-2HT,857571,,1.00,,,U,05/03/2023 16:48:15,,
675026900001,2988,MAQUINA DE SOLDAR,32,ALMACEN TALLER MAESTRANZA - ILLPA,CONTROL PATRIMONIAL,TALLER ILLPA,ANA ,PAREDES,GUTIERREZ,M,,,BX3-2HT,857575,,1.00,,,U,05/03/2023 16:48:37,,
746450680009,2997,MESA DE METAL,32,ALMACEN TALLER MAESTRANZA - ILLPA,CONTROL PATRIMONIAL,TALLER ILLPA,ANA ,PAREDES,GUTIERREZ,M,0.53X1.90X0.86,,,,PLOMO,1.00,,,U,05/03/2023 16:51:00,,
672298610002,3185,TORNILLO DE BANCO,32,ALMACEN TALLER MAESTRANZA - ILLPA,CONTROL PATRIMONIAL,TALLER ILLPA,ANA ,PAREDES,GUTIERREZ,R,,,,,,1.00,,,U,05/03/2023 16:51:29,,
746489330007,3112,SILLON GIRATORIO DE METAL,32,ALMACEN TALLER MAESTRANZA - ILLPA,CONTROL PATRIMONIAL,TALLER ILLPA,ANA ,PAREDES,GUTIERREZ,M,,,TAPIZ MARROQUIN,,CAFE,180.00,,,U,05/03/2023 16:52:37,,
112287620016,3242,VENTILADOR ELECTRICO PARA TECHO,32,ALMACEN TALLER MAESTRANZA - ILLPA,CONTROL PATRIMONIAL,TALLER ILLPA,ANA ,PAREDES,GUTIERREZ,M,,,,,VERDE,1.00,,,U,05/03/2023 16:56:14,,
112287620017,3243,VENTILADOR ELECTRICO PARA TECHO,32,ALMACEN TALLER MAESTRANZA - ILLPA,CONTROL PATRIMONIAL,TALLER ILLPA,ANA ,PAREDES,GUTIERREZ,M,,,,,VERDE,1.00,,,U,05/03/2023 16:56:17,,
112287620018,3244,VENTILADOR ELECTRICO PARA TECHO,32,ALMACEN TALLER MAESTRANZA - ILLPA,CONTROL PATRIMONIAL,TALLER ILLPA,ANA ,PAREDES,GUTIERREZ,R,,,,,VERDE,1.00,,,U,05/03/2023 16:56:19,,
462299500002,3957,TRANSFORMADOR (MAYOR A 1/8 UIT),35,ALMACEN TALLER MAESTRANZA - ILLPA,CONTROL PATRIMONIAL,TALLER ILLPA,ANA ,PAREDES,GUTIERREZ,M,,SQUARE D,ATS40C48N,,PLOMO,1.00,,,U,05/03/2023 17:03:41,,
672235280004,2923,ELECTROBOMBA,32,ALMACEN TALLER MAESTRANZA - ILLPA,CONTROL PATRIMONIAL,TALLER ILLPA,ANA ,PAREDES,GUTIERREZ,M,,DELPROSA30HP,,128030M2,AMARILLO,2050.00,,,U,05/03/2023 17:06:59,,
746435760001,2927,ESCALERA METALICA,32,ALMACEN TALLER MAESTRANZA - ILLPA,CONTROL PATRIMONIAL,TALLER ILLPA,ANA ,PAREDES,GUTIERREZ,R,15 PELDAÑOS,,,,ALUMINIO,1.00,,,U,05/03/2023 17:15:06,,
672254910003,2935,ESMERIL ELECTRICO,32,ALMACEN TALLER MAESTRANZA - ILLPA,CONTROL PATRIMONIAL,TALLER ILLPA,ANA ,PAREDES,GUTIERREZ,M,,GRINDER,,S1M-125,,1.00,,,U,05/03/2023 17:15:23,,
678250000030,2912,CAMIONETA,32,ALMACEN TALLER MAESTRANZA - ILLPA,CONTROL PATRIMONIAL,TALLER ILLPA,ANA ,PAREDES,GUTIERREZ,M,,JEEP,CHEROKE,,PLOMO PLATEADO,1.00,,,U,05/03/2023 17:18:47,,
746435760002,2928,ESCALERA METALICA,32,ALMACEN TALLER MAESTRANZA - ILLPA,CONTROL PATRIMONIAL,TALLER ILLPA,ANA ,PAREDES,GUTIERREZ,R,15 PELDAÑOS,,,,ALUMINIO,1.00,,,U,05/03/2023 17:21:01,,
672249550003,302,EQUIPO DE SOLDADURA,41,ALMACEN TALLER MAESTRANZA - ILLPA,CONTROL PATRIMONIAL,TALLER ILLPA,ANA ,PAREDES,GUTIERREZ,M,,,,,ROJO,1.00,,,U,05/03/2023 17:22:09,,
602208420007,2901,BALANZA MECANICA,32,ALMACEN TALLER MAESTRANZA - ILLPA,CONTROL PATRIMONIAL,TALLER ILLPA,ANA ,PAREDES,GUTIERREZ,R,,CONDOR,,,VERDE,1.00,,,U,05/03/2023 17:24:29,,
746481190047,3098,SILLA FIJA DE MADERA,32,ALMACEN TALLER MAESTRANZA - ILLPA,CONTROL PATRIMONIAL,TALLER ILLPA,ANA ,PAREDES,GUTIERREZ,R,0.44X0.44X0.76,,,,MADERA,94.50,,,U,05/03/2023 17:25:14,,
746481190149,3101,SILLA FIJA DE MADERA,32,ALMACEN TALLER MAESTRANZA - ILLPA,CONTROL PATRIMONIAL,TALLER ILLPA,ANA ,PAREDES,GUTIERREZ,M,,,,,CAFÉ,1.00,,,U,05/03/2023 17:32:50,,
746481190014,3096,SILLA FIJA DE MADERA,32,ALMACEN TALLER MAESTRANZA - ILLPA,CONTROL PATRIMONIAL,TALLER ILLPA,ANA ,PAREDES,GUTIERREZ,M,0.45X0.47X0.85,,TAPIZ,,CAOBA,1.00,,,U,05/03/2023 17:36:04,,
746460980006,1261,MODULO DE MELAMINA,22,ALMACEN TALLER MAESTRANZA - ILLPA,CONTROL PATRIMONIAL,TALLER ILLPA,ANA ,PAREDES,GUTIERREZ,R,0.49X1.13X1.80,,,,NEGRO/AMARILLO,350.00,,,U,05/03/2023 17:47:34,,
746461240004,1279,MODULO DE MELAMINA PARA COMPUTADORA,22,ALMACEN TALLER MAESTRANZA - ILLPA,CONTROL PATRIMONIAL,TALLER ILLPA,ANA ,PAREDES,GUTIERREZ,B,0.50X1.23X1.80,,,,AMARILLO,340.00,,,U,05/03/2023 17:47:42,,
675080890036,3012,MEZCLADORA DE CONCRETO TIPO TROMPO,32,ALMACEN TALLER MAESTRANZA - ILLPA,CONTROL PATRIMONIAL,TALLER ILLPA,ANA ,PAREDES,GUTIERREZ,M,,DYNAMIC HONDA,GCBDT,4022590069,,8651.00,,,U,05/03/2023 18:25:35,,
252235860001,3606,LUSTRADORA ELECTRICA DOMESTICA,35,ALMACEN TALLER MAESTRANZA - ILLPA,CONTROL PATRIMONIAL,TALLER ILLPA,ANA ,PAREDES,GUTIERREZ,M,,PHILIPS,,922712,PLOMO,1.00,,,U,06/03/2023 12:51:57,user user user,1
675080890048,1515,MEZCLADORA DE CONCRETO TIPO TROMPO,37,ALMACEN TALLER MAESTRANZA - ILLPA,CONTROL PATRIMONIAL,TALLER ILLPA,ANA ,PAREDES,GUTIERREZ,R,,DYNAMIC KOHLER,DYNAMIC KOH MD2,M11-368-12/426900299,,6593.00,,,U,07/03/2023 01:24:22,user user user,1
676473450028,2821,TRIPODE DE MADERA,40,ALMACEN TALLER MAESTRANZA - ILLPA,CONTROL PATRIMONIAL,TALLER ILLPA,ANA ,PAREDES,GUTIERREZ,R,,,,,,1.00,,,U,07/03/2023 01:28:35,user user user,1
740800500001,3434,CAPTURADOR DE IMAGEN - SCANNER,35,ALMACEN TALLER MAESTRANZA - ILLPA,CONTROL PATRIMONIAL,TALLER ILLPA,ANA ,PAREDES,GUTIERREZ,R,,HP,SCANJET 2400,CN6BVSR2XR,PLOMO/BLANCO,330.00,,,U,07/03/2023 01:29:37,user user user,1
740899500073,4012,UNIDAD CENTRAL DE PROCESO - CPU,35,ALMACEN TALLER MAESTRANZA - ILLPA,CONTROL PATRIMONIAL,TALLER ILLPA,ANA ,PAREDES,GUTIERREZ,R,,ALTRON,,,NEGRO,1.00,,,U,07/03/2023 01:31:32,user user user,1
746403890003,222,ARCHIVADOR DE METAL,41,ALMACEN TALLER MAESTRANZA - ILLPA,CONTROL PATRIMONIAL,TALLER ILLPA,ANA ,PAREDES,GUTIERREZ,R,0.47X0.64X1.33,,4 GAVETAS,,PLOMO/NEGRO,1.00,,,U,07/03/2023 01:54:37,user user user,1
746481870045,632,SILLA FIJA DE METAL,41,ALMACEN TALLER MAESTRANZA - ILLPA,CONTROL PATRIMONIAL,TALLER ILLPA,ANA ,PAREDES,GUTIERREZ,M,,,,,NEGRO,1.00,,,U,07/03/2023 02:25:30,user user user,1
746481870085,634,SILLA FIJA DE METAL,41,ALMACEN TALLER MAESTRANZA - ILLPA,CONTROL PATRIMONIAL,TALLER ILLPA,ANA ,PAREDES,GUTIERREZ,M,,,,,NEGRO,1.00,,,U,07/03/2023 02:28:26,user user user,1
746481870126,1333,SILLA FIJA DE METAL,22,ALMACEN TALLER MAESTRANZA - ILLPA,CONTROL PATRIMONIAL,TALLER ILLPA,ANA ,PAREDES,GUTIERREZ,B,,,,,NEGRO,1.00,,,U,07/03/2023 02:29:17,user user user,1
746488310002,672,SILLON GIRATORIO (OTROS),41,ALMACEN TALLER MAESTRANZA - ILLPA,CONTROL PATRIMONIAL,TALLER ILLPA,ANA ,PAREDES,GUTIERREZ,M,0.43X0.50X0.73,,PRINCIPE,,MARRON,490.00,,,U,07/03/2023 02:31:14,user user user,1
746488310007,3879,SILLON GIRATORIO (OTROS),35,ALMACEN TALLER MAESTRANZA - ILLPA,CONTROL PATRIMONIAL,TALLER ILLPA,ANA ,PAREDES,GUTIERREZ,M,,PRINCIPE,,,CAFÉ,290.00,,,U,07/03/2023 02:32:10,user user user,1
952237910004,2942,FACSIMIL,32,ALMACEN TALLER MAESTRANZA - ILLPA,CONTROL PATRIMONIAL,TALLER ILLPA,ANA ,PAREDES,GUTIERREZ,M,,PANASONIC,KX-FS80LA,7CBRA031520,NEGRO,1.00,,,U,13/03/2023 17:57:17,KEVIN MIDGUAR ARCE TAIRO,3
742203180006,2908,CALCULADORA ELECTRICA,32,ALMACEN TALLER MAESTRANZA - ILLPA,CONTROL PATRIMONIAL,TALLER ILLPA,ANA ,PAREDES,GUTIERREZ,M,,CASIO,DR-120N,6439812,BLANCO/NEGRO,1.00,,,U,13/03/2023 17:57:32,KEVIN MIDGUAR ARCE TAIRO,3
952246980012,2984,INTERCOMUNICADOR,32,ALMACEN TALLER MAESTRANZA - ILLPA,CONTROL PATRIMONIAL,TALLER ILLPA,ANA ,PAREDES,GUTIERREZ,M,,NATIONAL,VL-376,,BLANCO/CAFÉ,1.00,,,U,13/03/2023 17:58:00,KEVIN MIDGUAR ARCE TAIRO,3
952219770001,2922,CONTROL DEL TRANSMISOR Y AUDIO,32,ALMACEN TALLER MAESTRANZA - ILLPA,CONTROL PATRIMONIAL,TALLER ILLPA,ANA ,PAREDES,GUTIERREZ,M,,PANASONIC,AG-A96,A5B9383K,NEGRO,1.00,,,U,13/03/2023 17:58:04,KEVIN MIDGUAR ARCE TAIRO,3
952282870010,3178,TELEFONO,32,ALMACEN TALLER MAESTRANZA - ILLPA,CONTROL PATRIMONIAL,TALLER ILLPA,ANA ,PAREDES,GUTIERREZ,R,,PANASONIC,KX T2315,3FADC536411,BLANCO,1.00,,,U,13/03/2023 17:58:23,KEVIN MIDGUAR ARCE TAIRO,3
952282870004,3173,TELEFONO,32,ALMACEN TALLER MAESTRANZA - ILLPA,CONTROL PATRIMONIAL,TALLER ILLPA,ANA ,PAREDES,GUTIERREZ,M,,FETSA,29110 ALG,,ANARANJADO,1.00,,,U,13/03/2023 17:58:29,KEVIN MIDGUAR ARCE TAIRO,3
952246980004,2983,INTERCOMUNICADOR,32,ALMACEN TALLER MAESTRANZA - ILLPA,CONTROL PATRIMONIAL,TALLER ILLPA,ANA ,PAREDES,GUTIERREZ,M,,NATIONAL,VL-376,,BLANCO/CAFÉ,1.00,,,U,13/03/2023 17:58:57,KEVIN MIDGUAR ARCE TAIRO,3
952246980003,2982,INTERCOMUNICADOR,32,ALMACEN TALLER MAESTRANZA - ILLPA,CONTROL PATRIMONIAL,TALLER ILLPA,ANA ,PAREDES,GUTIERREZ,M,,NATIONAL,VL-376,,BLANCO/CAFÉ,1.00,,,U,13/03/2023 17:59:17,KEVIN MIDGUAR ARCE TAIRO,3
952282870001,3171,TELEFONO,32,ALMACEN TALLER MAESTRANZA - ILLPA,CONTROL PATRIMONIAL,TALLER ILLPA,ANA ,PAREDES,GUTIERREZ,M,,FORMA,,AAA072079,BLANCO,1.00,,,U,13/03/2023 17:59:51,KEVIN MIDGUAR ARCE TAIRO,3
952282870013,3180,TELEFONO,32,ALMACEN TALLER MAESTRANZA - ILLPA,CONTROL PATRIMONIAL,TALLER ILLPA,ANA ,PAREDES,GUTIERREZ,M,,PANAPHONE,,,CAFÉ,1.00,,,U,13/03/2023 17:59:56,KEVIN MIDGUAR ARCE TAIRO,3
952282870006,3175,TELEFONO,32,ALMACEN TALLER MAESTRANZA - ILLPA,CONTROL PATRIMONIAL,TALLER ILLPA,ANA ,PAREDES,GUTIERREZ,M,,PANASONIC,KX T2315,3FADAC53069,BLANCO,1.00,,,U,13/03/2023 18:00:47,KEVIN MIDGUAR ARCE TAIRO,3
952282870029,3183,TELEFONO,32,ALMACEN TALLER MAESTRANZA - ILLPA,CONTROL PATRIMONIAL,TALLER ILLPA,ANA ,PAREDES,GUTIERREZ,M,,AKITA,KX-T8811CID,,BLANCO,1.00,,,U,13/03/2023 18:00:51,KEVIN MIDGUAR ARCE TAIRO,3
952282870007,3176,TELEFONO,32,ALMACEN TALLER MAESTRANZA - ILLPA,CONTROL PATRIMONIAL,TALLER ILLPA,ANA ,PAREDES,GUTIERREZ,M,,PANASONIC,KX T2315,,BLANCO,1.00,,,U,13/03/2023 18:01:09,KEVIN MIDGUAR ARCE TAIRO,3
952282870014,3181,TELEFONO,32,ALMACEN TALLER MAESTRANZA - ILLPA,CONTROL PATRIMONIAL,TALLER ILLPA,ANA ,PAREDES,GUTIERREZ,M,,PANAPHONE,KX T2315,3DADC121151,BLANCO,1.00,,,U,13/03/2023 18:01:20,KEVIN MIDGUAR ARCE TAIRO,3
952282870012,3179,TELEFONO,32,ALMACEN TALLER MAESTRANZA - ILLPA,CONTROL PATRIMONIAL,TALLER ILLPA,ANA ,PAREDES,GUTIERREZ,M,,PANAPHONE,,,CAFÉ,1.00,,,U,13/03/2023 18:01:44,KEVIN MIDGUAR ARCE TAIRO,3
952282870005,3174,TELEFONO,32,ALMACEN TALLER MAESTRANZA - ILLPA,CONTROL PATRIMONIAL,TALLER ILLPA,ANA ,PAREDES,GUTIERREZ,M,,PANASONIC,KX T2315,3ECDC51713,BLANCO,1.00,,,U,13/03/2023 18:02:01,KEVIN MIDGUAR ARCE TAIRO,3
952282870026,3929,TELEFONO,35,ALMACEN TALLER MAESTRANZA - ILLPA,CONTROL PATRIMONIAL,TALLER ILLPA,ANA ,PAREDES,GUTIERREZ,M,,,HAMBER,BH2010TOO78691,NEGRO,1.00,,,U,13/03/2023 18:02:29,KEVIN MIDGUAR ARCE TAIRO,3
952237910001,2940,FACSIMIL,32,ALMACEN TALLER MAESTRANZA - ILLPA,CONTROL PATRIMONIAL,TALLER ILLPA,ANA ,PAREDES,GUTIERREZ,M,,PANASONIC,PANAFAX,1920202252,BLANCO,1.00,,,U,13/03/2023 18:03:21,KEVIN MIDGUAR ARCE TAIRO,3
952282870009,3177,TELEFONO,32,ALMACEN TALLER MAESTRANZA - ILLPA,CONTROL PATRIMONIAL,TALLER ILLPA,ANA ,PAREDES,GUTIERREZ,R,,PANASONIC,KX T2315,3ECDC51713,BLANCO,1.00,,,U,13/03/2023 18:03:50,KEVIN MIDGUAR ARCE TAIRO,3
952285140003,3184,TELEVISOR A COLORES,32,ALMACEN TALLER MAESTRANZA - ILLPA,CONTROL PATRIMONIAL,TALLER ILLPA,ANA ,PAREDES,GUTIERREZ,M,,,,,NEGRO,1.00,,,U,13/03/2023 18:04:55,KEVIN MIDGUAR ARCE TAIRO,3
740899500036,3217,UNIDAD CENTRAL DE PROCESO - CPU,32,ALMACEN TALLER MAESTRANZA - ILLPA,CONTROL PATRIMONIAL,TALLER ILLPA,ANA ,PAREDES,GUTIERREZ,M,,INTEL,,,PLOMO,1871.87,,,U,13/03/2023 18:05:36,KEVIN MIDGUAR ARCE TAIRO,3
740850000002,2980,IMPRESORA PARA PLANOS - PLOTTERS,32,ALMACEN TALLER MAESTRANZA - ILLPA,CONTROL PATRIMONIAL,TALLER ILLPA,ANA ,PAREDES,GUTIERREZ,R,,HP,DESIGNJET 230,ESSA5501213,PLOMO/BLANCO,18660.81,,,U,13/03/2023 18:06:51,KEVIN MIDGUAR ARCE TAIRO,3
740850000006,2981,IMPRESORA PARA PLANOS - PLOTTERS,32,ALMACEN TALLER MAESTRANZA - ILLPA,CONTROL PATRIMONIAL,TALLER ILLPA,ANA ,PAREDES,GUTIERREZ,R,,DRI DUPLICATOR,38900,,BLANCO/PLOMO,1.00,,,U,13/03/2023 18:08:03,KEVIN MIDGUAR ARCE TAIRO,3
952258120036,3045,MONITOR (OTROS),32,ALMACEN TALLER MAESTRANZA - ILLPA,CONTROL PATRIMONIAL,TALLER ILLPA,ANA ,PAREDES,GUTIERREZ,M,,LG,,106TPZKOT 757,NEGRO,848.16,,,U,13/03/2023 18:08:50,KEVIN MIDGUAR ARCE TAIRO,3
952258120067,3048,MONITOR (OTROS),32,ALMACEN TALLER MAESTRANZA - ILLPA,CONTROL PATRIMONIAL,TALLER ILLPA,ANA ,PAREDES,GUTIERREZ,M,,,,,,655.20,,,U,13/03/2023 18:08:56,KEVIN MIDGUAR ARCE TAIRO,3
740845500003,2967,IMPRESORA MATRIZ DE PUNTO,32,ALMACEN TALLER MAESTRANZA - ILLPA,CONTROL PATRIMONIAL,TALLER ILLPA,ANA ,PAREDES,GUTIERREZ,M,,CANON,MG2410,,BLANCO,1.00,,,U,13/03/2023 18:11:04,KEVIN MIDGUAR ARCE TAIRO,3
746403890005,2893,ARCHIVADOR DE METAL,32,ALMACEN TALLER MAESTRANZA - ILLPA,CONTROL PATRIMONIAL,TALLER ILLPA,ANA ,PAREDES,GUTIERREZ,R,0.47X0.64X1.33,,4 GAVETAS,,PLOMO/NEGRO,1.00,,,U,13/03/2023 18:12:54,KEVIN MIDGUAR ARCE TAIRO,3
678250000003,2909,CAMIONETA,32,ALMACEN TALLER MAESTRANZA - ILLPA,CONTROL PATRIMONIAL,TALLER ILLPA,ANA ,PAREDES,GUTIERREZ,M,,TOYOTA,HILUX 4X4,,AZUL OSCURO,1.00,,,U,21/03/2023 12:19:45,DELIA RUTH QUISPE SONCCO,4
746450680016,431,MESA DE METAL,41,ALMACEN TALLER MAESTRANZA - ILLPA,CONTROL PATRIMONIAL,TALLER ILLPA,ANA ,PAREDES,GUTIERREZ,R,1.22X2.41X0.70,,,,PLOMO,1.00,,,U,21/03/2023 12:24:29,DELIA RUTH QUISPE SONCCO,4
676473450014,3193,TRIPODE DE MADERA,32,ALMACEN TALLER MAESTRANZA - ILLPA,CONTROL PATRIMONIAL,TALLER ILLPA,ANA ,PAREDES,GUTIERREZ,M,,,,,ANARANJADO,277.00,,,U,21/03/2023 16:27:56,DELIA RUTH QUISPE SONCCO,4
742203180001,2907,CALCULADORA ELECTRICA,32,ALMACEN TALLER MAESTRANZA - ILLPA,CONTROL PATRIMONIAL,TALLER ILLPA,ANA ,PAREDES,GUTIERREZ,M,,CANON,P3211-D,108731,BLANCO/NEGRO,1.00,,,D,21/03/2023 16:42:50,DELIA RUTH QUISPE SONCCO,4
952246980009,405,INTERCOMUNICADOR,41,ALMACEN TALLER MAESTRANZA - ILLPA,CONTROL PATRIMONIAL,TALLER ILLPA,ANA ,PAREDES,GUTIERREZ,M,,COMAX,WI-2CN,,BLANCO,1.00,,,D,21/03/2023 16:46:03,DELIA RUTH QUISPE SONCCO,4
740899500141,763,UNIDAD CENTRAL DE PROCESO - CPU,41,ALMACEN TALLER MAESTRANZA - ILLPA,CONTROL PATRIMONIAL,TALLER ILLPA,ANA ,PAREDES,GUTIERREZ,R,,,,,CELESTES/CREMA,1.00,,,U,21/03/2023 17:07:32,DELIA RUTH QUISPE SONCCO,4
952282870011,721,TELEFONO,41,ALMACEN TALLER MAESTRANZA - ILLPA,CONTROL PATRIMONIAL,TALLER ILLPA,ANA ,PAREDES,GUTIERREZ,M,,,,,BLANCO,1.00,,,D,21/03/2023 17:22:23,DELIA RUTH QUISPE SONCCO,4
740845500017,2314,IMPRESORA MATRIZ DE PUNTO,40,ALMACEN TALLER MAESTRANZA - ILLPA,CONTROL PATRIMONIAL,TALLER ILLPA,ANA ,PAREDES,GUTIERREZ,M,,EPSON,LQ3070,2YQY006832,BLANCO,1.00,,,U,21/03/2023 17:25:25,DELIA RUTH QUISPE SONCCO,4
746473050021,548,PIZARRA ACRILICA,41,ALMACEN TALLER MAESTRANZA - ILLPA,CONTROL PATRIMONIAL,TALLER ILLPA,ANA ,PAREDES,GUTIERREZ,R,0.92X1.50,,,,BLANCO,1.00,,,U,21/03/2023 17:28:08,DELIA RUTH QUISPE SONCCO,4
672227260003,2920,COMPRESORA DE AIRE,32,ALMACEN TALLER MAESTRANZA - ILLPA,CONTROL PATRIMONIAL,TALLER ILLPA,ANA ,PAREDES,GUTIERREZ,M,,JK-HP250,ZB-012/P,,NEGRO,1.00,,,U,21/03/2023 17:28:57,DELIA RUTH QUISPE SONCCO,4
746441860016,2939,ESTANTE DE METAL,32,ALMACEN TALLER MAESTRANZA - ILLPA,CONTROL PATRIMONIAL,TALLER ILLPA,ANA ,PAREDES,GUTIERREZ,R,2.51x0.61x1.83,,ANDAMIO,,PLOMO,1.00,,,U,21/03/2023 17:33:22,DELIA RUTH QUISPE SONCCO,4
746460850017,3041,MODULO DE MADERA PARA MICROCOMPUTADORA,32,ALMACEN TALLER MAESTRANZA - ILLPA,CONTROL PATRIMONIAL,TALLER ILLPA,ANA ,PAREDES,GUTIERREZ,M,043x0.40x0.82,,,,CAFE,320.00,,,U,21/03/2023 17:43:30,DELIA RUTH QUISPE SONCCO,4
746481190019,3097,SILLA FIJA DE MADERA,32,ALMACEN TALLER MAESTRANZA - ILLPA,CONTROL PATRIMONIAL,TALLER ILLPA,ANA ,PAREDES,GUTIERREZ,R,0.45X0.47X0.85,,,,CAOBA,1.00,,,U,21/03/2023 17:48:53,DELIA RUTH QUISPE SONCCO,4
746434400001,1126,ESCALERA DE MADERA,15,ALMACEN TALLER MAESTRANZA - ILLPA,CONTROL PATRIMONIAL,TALLER ILLPA,ANA ,PAREDES,GUTIERREZ,M,,,3 PELDAÑOS,,MADERA,1.00,ELIMINAR,PARTE DE LA CUNA,U,22/03/2023 15:46:38,KEVIN MIDGUAR ARCE TAIRO,3
