35,EQUIPO DE ALARMA Y PROTECCION,10/03/2023 18:11:18,LONGHORN SISTEA,,,BLANCO/PLOMO,B,,,,U,O/C Nº 343,13/11/2015,296
35,ESTABILIZADOR,10/03/2023 12:04:38,FES,FES10,12051696,BLANCO,M,,,,D,O/C Nº 175,19/04/2013,338
35,IMPRESORA (OTRAS),10/03/2023 12:41:43,HP,LASER JET 1020,BRCS787G2Q,BLANCO,M,,BAJA,,D,SANEAR,31/12/2021,389
35,MESITA DE METAL PARA MAQUINA DE ESCRIBIR,10/03/2023 11:24:40,,,,CAOBA/NEGRO,R,,,,U,SANEAR,31/12/2021,442
35,MONITOR (OTROS),10/03/2023 11:58:37,SAMSUNG,LS20B3DOHC/P,ZUP7HTJD400020F,NEGRO,M,,,,D,O/C N°000701,10/10/2013,477
35,PARLANTES EN GENERAL (MAYOR A 1/8 UIT),10/03/2023 10:37:14,GENIUS,,ZF3438004186,NEGRO,R,,MENOR A 1/8 DE UIT - ELIMINAR,,U,O/C Nº 000446,20/12/2012,543
35,PLANIMETRO,10/03/2023 15:59:17,,KP-27,8746,PLOMO,M,,,,U,O/C Nº 103,28/02/2004,549
35,PRISMA PENTAGONAL TOPOGRAFICO,10/03/2023 17:10:48,LEICA,GPH3,40008001,,M,,BAJA,,D,O/C Nº 000152,2/07/2012,565
35,SCANNER DE COMUNICACIONES,10/03/2023 18:12:59,ARGOX,AS-8020CL,C30969418,PLOMO,R,,,,U,O/C Nº 00273,7/10/2014,610
35,SIERRA CIRCULAR PORTATIL,10/03/2023 18:30:56,TRUPER,SICI-714A-2,,NARANJA,B,,,,U,SANEAR,31/12/2021,612
35,TABURETE FIJO DE METAL,10/03/2023 11:15:23,,,,NEGRO/PLOMO,R,,,,U,SANEAR,31/12/2021,676
35,MONITOR (OTROS),10/03/2023 10:12:49,HYUNDAI,V96W,V960WDSCR980000,NEGRO,R,,,,U,O/C N°8-00109,23/04/2010,1184
35,PARLANTES EN GENERAL (MAYOR A 1/8 UIT),10/03/2023 10:22:47,MICRONICS,,1.67554E+11,NEGRO,R,,MENOR 1/8 UIT- ELIMINAR,,U,ELIMINAR,23/04/2010,1187
35,SILLA FIJA DE METAL,10/03/2023 11:16:55,,TAPIZ MARROQUI,,NEGRO,M,0.40X0.38X0.83,,,U,SANEAR,31/12/2021,1192
35,TECLADO - KEYBOARD,10/03/2023 10:49:55,GENIUS,L639,WE2B92022018,NEGRO,R,,,,U,O/C Nº 000740,24/10/2013,1197
35,TELEVISOR A COLORES,10/03/2023 11:19:33,PHILIPS,14GX1810 STEREO,SV009408-103152,NEGRO,M,,RAEE - BAJA,,U,O/C Nº 379,27/07/1995,1198
35,UNIDAD CENTRAL DE PROCESO - CPU,10/03/2023 10:16:17,INTEL,CORE I7,,NEGRO,M,,BAJA,,D,O/C Nº 8-00002,24/02/2010,1199
35,IMPRESORA (OTRAS),10/03/2023 11:22:15,EPSON,L220,VGQK117651,NEGRO,M,,RAEE-BAJA,,U,O/C Nª 65,8/04/2016,1457
35,UNIDAD CENTRAL DE PROCESO - CPU,10/03/2023 10:50:19,ALTRON,,,PLOMO/NEGRO,R,,,,U,SANEAR,31/12/2021,1506
35,IMPRESORA (OTRAS),10/03/2023 10:59:16,EPSON,L4260,XAEY010182,NEGRO,B,,,,U,O/C Nº 0000112,22/02/2022,1541
35,MODULO DE MADERA PARA MICROCOMPUTADORA,10/03/2023 11:07:40,,,,BLANCO,R,,0.98x0.48x0.71,,U,SANEAR,31/12/2021,2411
35,ACUMULADOR DE ENERGIA - EQUIPO DE UPS,10/03/2023 12:07:38,CDP,BR 55061,3B1122X01837,NEGRO,M,,BAJA,,D,SANEAR,31/12/2021,3342
35,ACUMULADOR DE ENERGIA - EQUIPO DE UPS,10/03/2023 12:11:51,APC,560VA,3B1228X31988,NEGRO,M,,BAJA,,D,SANEAR,31/12/2021,3346
35,ACUMULADOR DE ENERGIA - EQUIPO DE UPS,10/03/2023 12:10:33,APC,BR 550GI,3B1220X14370,NEGRO,M,,BAJA,,D,SANEAR,31/12/2021,3347
35,ACUMULADOR DE ENERGIA - EQUIPO DE UPS,10/03/2023 12:11:11,APC,BR 550GI,3B1220X14370,NEGRO,M,,,,D,SANEAR,31/12/2021,3348
35,ACUMULADOR DE ENERGIA - EQUIPO DE UPS,10/03/2023 10:58:39,CDP,,1B0312-1020447,NEGRO,R,,,,U,O/C Nº 533,23/07/2013,3351
35,ACUMULADOR DE ENERGIA - EQUIPO DE UPS,13/03/2023 13:05:52,APC,325 WATS,9B1640A12595,NEGRO,B,,,,U,SANEAR,31/12/2021,3354
35,ACUMULADOR DE ENERGIA - EQUIPO DE UPS,13/03/2023 13:08:37,APC,325 WATS,9B1640A12606,NEGRO,B,,,,U,SANEAR,31/12/2021,3355
35,ACUMULADOR DE ENERGIA - EQUIPO DE UPS,13/03/2023 13:08:42,APC,325 WATS,9B1640A12608,NEGRO,B,,,,U,SANEAR,31/12/2021,3356
35,ACUMULADOR DE ENERGIA - EQUIPO DE UPS,13/03/2023 13:08:45,APC,325 WATS,9B1640A12359,NEGRO,B,,,,U,SANEAR,31/12/2021,3357
35,ACUMULADOR DE ENERGIA - EQUIPO DE UPS,13/03/2023 13:08:50,APC,325 WATS,9B1640A12607,NEGRO,B,,,,U,SANEAR,31/12/2021,3358
35,ACUMULADOR DE ENERGIA - EQUIPO DE UPS,13/03/2023 13:09:22,APC,325 WATS,9B1640A12605,NEGRO,B,,,,U,SANEAR,31/12/2021,3359
35,ACUMULADOR DE ENERGIA - EQUIPO DE UPS,13/03/2023 13:08:57,APC,325 WATS,9B1640A12596,NEGRO,B,,,,U,SANEAR,31/12/2021,3360
35,ACUMULADOR DE ENERGIA - EQUIPO DE UPS,13/03/2023 13:09:02,APC,325 WATS,9B1640A12358,NEGRO,B,,,,U,SANEAR,31/12/2021,3361
35,ACUMULADOR DE ENERGIA - EQUIPO DE UPS,13/03/2023 13:09:36,APC,325 WATS,9B1640A12360,NEGRO,B,,,,U,SANEAR,31/12/2021,3362
35,ACUMULADOR DE ENERGIA - EQUIPO DE UPS,13/03/2023 13:09:38,APC,325 WATS,9B1640A12357,NEGRO,B,,,,U,SANEAR,31/12/2021,3363
35,AMOLADORA,13/03/2023 12:02:12,BLACK DECKER,G720,6720-B2C,NEGRO/ANARANJADO,R,,,,U,O/C Nº 20,26/03/2019,3364
35,AMOLADORA,13/03/2023 12:00:40,TRUPER,ESMA7A2-2,,ANARANJADO/NEGRO,R,,,,U,O/C N° 00110,19/03/2021,3365
35,ARCHIVADOR DE METAL,10/03/2023 15:56:17,,4 GAVETAS,,PLOMO/NEGRO,M,0.70x0.47x1.35,BAJA,,U,O/C Nº 288,30/06/1995,3370
35,BALANZA (OTRAS),13/03/2023 11:58:46,OHAUS,EB-30,8034161748,,R,,,,U,O/C Nº 989,20/12/2013,3377
35,BALANZA (OTRAS),13/03/2023 12:34:57,JOSVER,,,VERDE,M,,BAJA,,U,O/C Nº 20,26/03/2019,3378
35,BALANZA (OTRAS),13/03/2023 12:35:51,JOSVER,,,VERDE,M,,BAJA,,U,SANEAR,31/12/2021,3379
35,BALANZA ELECTRONICA,13/03/2023 11:57:43,OHAUS,EB-30,8034161746,PLOMO/AZUL,R,,,,U,O/C Nº 000650,5/09/2013,3380
35,BALANZA MECANICA,10/03/2023 12:57:10,BALPER,,,ROJO/BLANCO,M,,BAJA,,D,O/C Nº 132,30/04/1994,3381
35,BALON INTRA AORTICO,10/03/2023 15:58:41,,,,VERDE,M,,,,U,SANEAR,31/12/2021,3382
35,BRUJULA,10/03/2023 16:02:49,BRUNTON,F-5006-030,5062512042,PLATEADO,M,,BAJA,,D,O/C Nº 263,9/10/2012,3384
35,CAMARA DE VIDEO DIGITAL,10/03/2023 18:18:17,HIK-VISION,DS-7200,624018037,NEGRO624018037,B,,,,U,O/C Nº 496,30/12/2016,3406
35,CAMARA FOTOGRAFICA,10/03/2023 15:10:10,ZENIT,,,NEGRO,M,,BAJA,,D,O/C Nº 214,28/04/1995,3408
35,CAMARA FOTOGRAFICA,10/03/2023 15:41:32,CANON,,,PLOMO,M,,BAJA,,D,SANEAR,31/12/2021,3409
35,CAMARA FOTOGRAFICA,10/03/2023 15:44:29,CANON,,,NEGRO,M,,BAJA,,D,O/C Nº 475,28/06/1996,3410
35,CAMARA FOTOGRAFICA,10/03/2023 15:46:46,CANON,MB-301D,,NEGRO,M,,BAJA,,D,O/C Nº 403,19/08/1997,3411
35,CAMARA FOTOGRAFICA,10/03/2023 15:46:06,CANON,CAMEO ZOOM,,NEGRO,M,,BAJA,,D,SANEAR,31/12/2021,3412
35,CAMARA FOTOGRAFICA,10/03/2023 15:40:14,ZENIT,122,91018373 DE 19ESP,NEGRO,M,,BAJA,,D,SANEAR,31/12/2021,3413
35,CAMARA FOTOGRAFICA,10/03/2023 15:45:07,CANON,,,PLOMO,M,,BAJA,,D,SANEAR,31/12/2021,3414
35,CAMARA FOTOGRAFICA,10/03/2023 15:48:59,SONY CYBER,,6581004,NEGRO,M,,BAJA,,D,O/C Nº 3-00112,30/09/2009,3415
35,CAMARA FOTOGRAFICA,10/03/2023 15:47:48,OLYMPUS,,,PLOMO,M,,BAJA,,D,SANEAR,31/12/2021,3416
35,CAMARA FOTOGRAFICA,10/03/2023 15:42:24,CANON,PRIMA BF-800,,PLOMO,M,,BAJA,,D,SANEAR,31/12/2021,3417
35,CAMARA FOTOGRAFICA DIGITAL,10/03/2023 15:49:25,SONY,DSC W310,195936,NEGRO,M,,BAJA,,D,O/C Nº 8-00105,23/04/2010,3418
35,CAMARA FOTOGRAFICA DIGITAL,10/03/2023 15:47:20,OLYMPUS,,U4YB53515,,M,,,,U,O/C Nº 179,7/07/2011,3419
35,CAMARA FOTOGRAFICA DIGITAL,10/03/2023 15:39:40,CANON,E05 5D,DS126201,NEGRO,M,,BAJA,,D,O/C Nº 351,4/12/2012,3420
35,CAMARA FOTOGRAFICA DIGITAL,10/03/2023 15:51:06,NIKON,S 9502,31102185,NEGRO,B,,,,U,O/C Nº 300,9/10/2015,3423
35,CAMARA FOTOGRAFICA DIGITAL,10/03/2023 15:43:28,SONY,DSC-WX350,1032357,NEGRO,M,,BAJA,,D,O/C Nº 270,9/09/2015,3424
35,CAMARA FOTOGRAFICA DIGITAL,10/03/2023 15:50:00,SONY,DSC-WX350,1033200,NEGRO,M,,BAJA,,D,O/C Nº 270,9/09/2015,3425
35,CAMARA FOTOGRAFICA DIGITAL,10/03/2023 15:48:23,PANASONIC LUMIX,DMC-SZ10,UP5GB005342,NEGRO,M,,BAJA,,D,O/C Nº 248,13/09/2016,3426
35,CAMILLA DE MADERA,13/03/2023 12:43:31,,,,AMARILLO,R,,,,U,SANEAR,31/12/2021,3427
35,COMPRESORA DE AIRE,10/03/2023 13:04:44,TRUPER,150 PSI,,NEGRO/AMARILLO,R,,,,U,SANEAR,31/12/2021,3436
35,COMPRESORA DE AIRE,10/03/2023 11:43:45,,1HP/220-50-HZ-3,,PLOMO NEGRO,M,,,,D,SANEAR,31/12/2021,3437
35,COMPUTADORA PERSONAL PORTATIL,10/03/2023 15:53:04,COMPAC EVO,EVO N610C,,NEGRO,M,,BAJA,,D,SANEAR,31/12/2021,3438
35,COMPUTADORA PERSONAL PORTATIL,10/03/2023 10:25:59,HP,,5CG11003XY,,M,,RAEE-BAJA,,U,O/C Nª 00132,21/06/2011,3439
35,COMPUTADORA PERSONAL PORTATIL,10/03/2023 11:13:05,LENOVO,Z50-70,705070,PLOMO/NEGRO,R,,,,U,SANEAR,31/12/2021,3440
35,CONDUCTIMETRO - CONDUCTIVIMETRO,10/03/2023 15:01:54,,LFTD,34501,,M,,,,U,SANEAR,31/12/2021,3442
35,CONDUCTIMETRO - CONDUCTIVIMETRO,10/03/2023 16:06:42,HACH,CO-150,50150,BLANCO/NEGRO,M,,BAJA,,D,O/C Nª 416,29/08/1997,3443
35,CORRENTOMETRO,10/03/2023 16:26:48,,792,65013,,M,,,,U,SANEAR,31/12/2021,3445
35,CORRENTOMETRO,13/03/2023 11:02:04,STORM-CASE,CMC3,09-10,AZUL,R,,,,U,O/C Nª 3-00089,4/09/2009,3447
35,CREDENZA DE METAL,10/03/2023 11:12:17,,3 NIVELES,,PLOMO,R,0.47X1.20X1.26,,,U,SANEAR,31/12/2021,3449
35,CRONOMETRO,10/03/2023 15:07:09,,,52444,BLANCO,M,,BAJA,,D,SANEAR,31/12/2021,3450
35,DETERMINADOR DE DENSIDAD,13/03/2023 12:14:01,PYS,,110,PLOMO,M,,,,U,O/C Nª 000989,20/12/2013,3451
35,DETERMINADOR DE DENSIDAD,13/03/2023 12:14:04,PYS,,102,BLANCO,M,,,,U,O/C Nª 000475,16/07/2013,3452
35,ECLIMETRO,10/03/2023 16:02:05,,,,AMARILLO,M,,BAJA,,D,SANEAR,31/12/2021,3455
35,ELECTROBOMBA,13/03/2023 12:53:08,PENTAX,C5-200/2,CENTRIFUGA PENTAX,AZUL-PLATEADO,M,,BAJA,,U,O/C Nº 766,17/12/1997,3456
35,ENGRAPADORA DE TENAZA NEUMATICA,10/03/2023 10:46:32,KW-TRIO,50SAN,,PLOMO,M,,ENGRAMPADORA ,,U,VERIFICAR,31/12/2021,3459
35,EQUIPO MULTIFUNCIONAL COPIADORA IMPRESORA SCANNER Y/O FAX,10/03/2023 10:08:04,EPSON,L375,NA6Y043914,NEGRO,R,,IMPRESORA,,U,O/C Nº 246,12/09/2016,3468
35,EQUIPO PARA ANALISIS DE SUELOS,10/03/2023 16:00:28,ESTWING,E3-23LP,96621102,PLOMO,B,,,,U,O/C Nº 377,23/11/2015,3471
35,ESCRITORIO DE MADERA,10/03/2023 10:56:42,,3 GAVETAS,,AMARILLO,R,1.24x0.63x0.76,,,U,O/C Nº 153,4/07/2012,3472
35,ESCRITORIO DE MELAMINA,10/03/2023 11:06:32,MELAMINE,,,NEGRO/BEIGE,B,1.42x0.70x0.77,,,U,O/C Nº 30,4/03/2016,3474
35,ESTABILIZADOR,10/03/2023 10:57:59,AVRALTRON,S/M,92608724,NEGRO,R,,,,U,O/C Nº 3-00060,10/08/2009,3494
35,ESTABILIZADOR,10/03/2023 12:06:30,APC,LE600I,,BLANCO,M,,RAEE - BAJA,,D,O/C Nº 37,22/02/2010,3505
35,ESTABILIZADOR,10/03/2023 11:10:45,CBP,AVR,5827700052,NEGRO,R,,,,U,O/C Nº 33,31/12/2021,3506
35,ESTABILIZADOR,10/03/2023 12:08:20,APC,LE600I,5L0843T27665,BLANCO,M,,BAJA,,D,O/C Nº 34,22/02/2010,3510
35,ESTABILIZADOR,10/03/2023 12:09:06,APC,LE600I,4L0938P30920,BLANCO,M,,,,D,O/C Nº 375,30/12/2003,3511
35,ESTABILIZADOR,10/03/2023 11:17:30,CDP,,,BLANCO / PLOMO,R,,RECOD- ES CALEFACTOR,,U,O/C Nº 352,13/10/2011,3512
35,ESTABILIZADOR,10/03/2023 12:05:56,NIPPON AMERICA,,,PLOMO,M,,,,D,SANEAR,31/12/2021,3517
35,ESTABILIZADOR,10/03/2023 10:34:17,CDP,RIZ-AVZ1008I,150527.0382,,R,,,,U,O/C Nº 253,12/11/2007,3523
35,ESTANTE DE MADERA,10/03/2023 10:51:48,,4 NIVELES,,CAOBA,R,1.03x0.29x1.51,,,U,SANEAR,31/12/2021,3531
35,ESTANTE DE MADERA,13/03/2023 12:32:36,,4 NIVELES,,AMARILLO,R,,,,U,SANEAR,31/12/2021,3534
35,ESTANTE DE MADERA,13/03/2023 12:50:25,,2 DIVISIONES,,,R,,,,U,SANEAR,31/12/2021,3536
35,ESTANTE DE MADERA,13/03/2023 12:51:30,,,,,M,,BAJA-PREFABRICADO,,U,SANEAR,31/12/2021,3537
35,ESTANTE DE MADERA,13/03/2023 12:50:14,,4 NIV 1 DIV,,/AMARILLO,R,0.30X1.65X2.00,PREFABRICADO,,U,SANEAR,31/12/2021,3538
35,ESTANTE DE MADERA,13/03/2023 12:50:03,,,,AMARILLO,R,,PREFABRICADO,,U,SANEAR,31/12/2021,3539
35,FILMADORA,13/03/2023 12:15:54,PANASONIC,N-9000,E7HB00052,,M,,BAJA,,U,O/C Nº 462,29/08/1997,3549
35,FILMADORA,13/03/2023 11:53:53,PANASONIC,NV-VJ83PN,D31A11463,,M,,BAJA,,D,O/C Nº 243,23/07/2004,3550
35,FILMADORA,13/03/2023 12:12:41,PANASONIC,NV-3000PN,J3HB03579,NEGRO,M,,BAJA,,D,SANEAR,31/12/2021,3551
35,FILMADORA,10/03/2023 15:54:13,CANON,,,NEGRO,M,,BAJA,,D,O/C Nº 43,25/03/2014,3552
35,FILMADORA PROCESADORA DE MICROFICHAS,10/03/2023 15:38:46,PANASONIC,PV-GS320,,PLOMO/NEGRO,M,,BAJA,,D,O/C Nº 3-00132,3/11/2009,3553
35,FOTOCOPIADORA EN GENERAL,10/03/2023 10:06:43,KYOCERA,FS-6525MFP ECOS,M5Q006219661,BLANCO,B,,,,U,SANEAR,31/12/2021,3554
35,GRABADORA PARA CINTA DE SONIDO (CASSETE),10/03/2023 15:44:00,SONY,,,NEGRO,M,,BAJA,,D,SANEAR,31/12/2021,3562
35,GUILLOTINA,10/03/2023 13:01:59,,,,BLANCO,M,,BAJA,,D,O/C Nª 3-00061,10/08/2009,3563
35,GUILLOTINA,10/03/2023 13:00:06,TOWER,,,PLOMO/NEGRO,M,,BAJA,,D,SANEAR,31/12/2021,3564
35,IMPRESORA (OTRAS),10/03/2023 10:28:07,HP,LASERJET 1020,CNC2G28739,CREMA,M,,RAEE - BAJA,,U,O/C Nª 368,27/10/2005,3570
35,IMPRESORA (OTRAS),10/03/2023 10:13:34,HP,Q5911A,BRBS76BHBUK,BLANCO,R,,,,U,O/C Nª 10,19/05/2008,3571
35,IMPRESORA (OTRAS),10/03/2023 12:40:50,HP,LASERJET P1006,VNF5214067,NEGRO/PLOMO,M,,BAJA,,D,O/C Nª 0-00038,22/02/2010,3573
35,IMPRESORA (OTRAS),10/03/2023 12:14:09,HP,LASERJET P1006,VNF3844127,PLOMO,M,,BAJA,,D,O/C Nª 3-00060,10/08/2009,3574
35,IMPRESORA (OTRAS),10/03/2023 12:57:59,HP,LASERJET P1102W,BRBSB4DG8W,NEGRO,M,,,,U,O/C Nª 9-00084,14/07/2010,3575
35,IMPRESORA (OTRAS),10/03/2023 12:46:49,HP,LASERJET 1025NW,BRBFC7FZ05,BLANCO/NEGRO,M,,BAJA,,D,SANEAR,31/12/2021,3576
35,IMPRESORA (OTRAS),10/03/2023 12:22:08,HP,LASERJET MFP12F,BBRGSD672NP,NEGRO,M,,BAJA,,D,O/C Nª 000305,14/11/2012,3577
35,IMPRESORA (OTRAS),10/03/2023 12:47:32,HP,LASERJET 153DNF,CNF9DCXF9B,NEGRO,M,,BAJA,,D,SANEAR,31/12/2021,3579
35,IMPRESORA (OTRAS),10/03/2023 12:49:51,EPSON,L355,Q8DK014057,NEGRO,M,,BAJA,,D,O/C Nª 000666,17/09/2013,3580
35,IMPRESORA (OTRAS),10/03/2023 12:50:46,EPSON,L355,S42K074173,NEGRO,M,,BAJA,,D,SANEAR,31/12/2021,3581
35,IMPRESORA (OTRAS),10/03/2023 12:16:30,HP,LASERJET PRO MP,CE538A,NEGRO,M,,,,D,O/C Nª 000360,5/12/2012,3582
35,IMPRESORA (OTRAS),10/03/2023 10:35:48,ARGOX,OS 2140,40166310,BLANCO ,R,,,,U,O/C Nª 00273,7/10/2014,3583
35,IMPRESORA (OTRAS),10/03/2023 12:12:29,HP,LASERJET P1102W,BRBFC63MZW,NEGRO,M,,,,D,O/C Nª 00177,8/07/2011,3584
35,IMPRESORA (OTRAS),10/03/2023 10:38:28,EPSON,L4160,95H046855,NEGRO,B,,,,U,O/C Nº 0000065,10/02/2022,3587
35,IMPRESORA LASER,10/03/2023 12:13:04,HP,LASERJET P1006,VNF3T68193,PLOMO,M,,,,D,O/C Nª 3-00059,10/08/2009,3588
35,IMPRESORA LASER,10/03/2023 12:13:41,HP,LASERJET P1102,BRBSG76F9J,PLOMO,M,,,,D,SANEAR,31/12/2021,3590
35,IMPRESORA LASER,10/03/2023 10:33:36,HP,CE658A,BRBSF3FNLX,NEGRO,R,,,,U,O/C Nª 000280,31/05/2013,3593
35,IMPRESORA LASER,10/03/2023 12:39:11,HP,CE658A,BRBSF744MRP,NEGRO,M,,BAJA,,D,O/C Nª 000759,7/11/2013,3595
35,IMPRESORA LASER,10/03/2023 12:46:17,HP,LASER JET PRO,BRCSJ4G6XR,BLANCO,M,,BAJA,,D,O/C Nª 278,14/10/2016,3599
35,IMPRESORA LASER,10/03/2023 10:34:56,HP,P1102W,BRCSJ8PLBK,NEGRO,R,,,,U,O/C N° 463,23/12/2016,3600
35,INCLINOMETRO,13/03/2023 12:23:09,,JJX-3,513-C-4,,M,,,,U,SANEAR,31/12/2021,3601
35,MAQUINA ANILLADORA PERFORADORA,10/03/2023 12:01:14,IBICO,,,ANARANJADO,M,,,,D,SANEAR,31/12/2021,3608
35,MEGAFONO,10/03/2023 17:58:21,ATK,JS-853,,CELESTE/BLANCO,M,,,,U,SANEAR,31/12/2021,3610
35,MEGAFONO,10/03/2023 18:04:24,ATK,JS-85B,,BLANCO,M,,,,U,SANEAR,31/12/2021,3611
35,MEGAFONO,10/03/2023 17:59:04,ATK,JS-85B,,BLANCO,M,,,,U,SANEAR,31/12/2021,3612
35,MESITA DE MADERA,10/03/2023 11:19:00,,,,MADERA/AMARILLO,R,0.44X0.75X0.72,,,U,SANEAR,31/12/2021,3613
35,MESITA DE MADERA,10/03/2023 11:16:30,,,,AMARILLO,R,0.39X0.59X0.73,,,U,SANEAR,31/12/2021,3614
35,MEZCLADORA DIGITAL DE SONIDO,10/03/2023 12:51:52,BEHRINGER,X1622,C1016683A0J,PLOMO,M,,BAJA,,D,SANEAR,31/12/2021,3616
35,MICROFONO (OTROS),10/03/2023 18:01:20,SHURE,,,NEGRO,R,,,,U,SANEAR,31/12/2021,3617
35,MICROFONO (OTROS),10/03/2023 18:02:14,DINAMIC,,,NEGRO/AMARILLO,M,,,,U,O/C Nª 000352,4/12/2012,3618
35,MIRA TOPOGRAFICA,10/03/2023 17:08:52,,,,,M,,BAJA,,D,O/C N° 288,30/05/1995,3619
35,MIRA TOPOGRAFICA,10/03/2023 17:06:43,,,,AZUL,M,,BAJA,,D,O/C N° 288,30/05/1995,3620
35,MIRA TOPOGRAFICA,10/03/2023 17:30:38,,,,PLOMO,R,,,,U,O/C N°000342,12/06/2013,3621
35,MIRA TOPOGRAFICA,10/03/2023 17:10:08,,,,AZUL,M,,BAJA,,D,O/C N°000149,28/06/2012,3622
35,MIRA TOPOGRAFICA,10/03/2023 17:09:36,,,,AZUL,M,,BAJA,,D,O/C N°254,16/08/2004,3623
35,MIRA TOPOGRAFICA,10/03/2023 17:07:35,,,,AZUL,M,,BAJA,,D,O/C N°254,16/08/2004,3624
35,MIRA TOPOGRAFICA,10/03/2023 17:08:20,,,,AZUL,M,,BAJA,,D,O/C N°254,16/08/2004,3625
35,MIRA TOPOGRAFICA,10/03/2023 17:32:31,,,,PLOMO,R,,,,U,O/C N°170,24/09/2007,3626
35,MIRA TOPOGRAFICA,10/03/2023 17:24:10,KOLIDA,AGR5,,,M,,BAJA,,D,O/C N°0-00074,26/02/2010,3627
35,MIRA TOPOGRAFICA,10/03/2023 17:31:20,KOLIDA,AGRS,,PLOMO,R,,,,U,O/C N°00216,22/07/2011,3628
35,MIRA TOPOGRAFICA,10/03/2023 17:26:48,,,,PLOMO,R,,,,U,O/C N°000123,11/06/2012,3629
35,MIRA TOPOGRAFICA,10/03/2023 17:28:25,,,,PLOMO,M,,BAJA,,U,O/C N°000128,15/06/2012,3630
35,MIRA TOPOGRAFICA,10/03/2023 17:24:33,,,,PLOMO,R,,,,U,O/C N°000133,20/06/2012,3631
35,MIRA TOPOGRAFICA,10/03/2023 17:27:39,,,,PLOMO,R,430,,,U,O/C N°000066,15/02/2013,3634
35,MIRA TOPOGRAFICA,10/03/2023 17:21:56,,,,PLOMO/BLANCO,R,430,,,U,O/C N°000066,15/02/2013,3635
35,MIRA TOPOGRAFICA,10/03/2023 17:35:33,,,,PLOMO/BLANCO,M,,BAJA,,D,O/C N°000206,2/05/2013,3636
35,MIRA TOPOGRAFICA,10/03/2023 17:25:23,,,,PLOMO,R,,,,U,O/C N°000206,2/05/2013,3637
35,MIRA TOPOGRAFICA,10/03/2023 17:24:59,,,,PLOMO,R,,,,U,O/C N°000207,2/05/2013,3638
35,MIRA TOPOGRAFICA,10/03/2023 17:30:17,,,,PLOMO,R,,,,U,O/C N°000303,6/06/2013,3640
35,MIRA TOPOGRAFICA,10/03/2023 17:37:04,,,,PLOMO,R,,,,U,O/C N°000310,7/06/2013,3641
35,MIRA TOPOGRAFICA,10/03/2023 17:23:42,,,,PLOMO,R,,,,U,O/C N°000310,7/06/2013,3642
35,MIRA TOPOGRAFICA,10/03/2023 17:29:31,,,,PLOMO,R,,,,U,O/C N°000312,10/06/2013,3646
35,MIRA TOPOGRAFICA,10/03/2023 17:23:12,,,,PLOMO,R,,,,U,O/C N°000312,10/06/2013,3647
35,MIRA TOPOGRAFICA,10/03/2023 17:36:45,,,,PLOMO,R,,,,U,O/C N°000312,10/06/2013,3648
35,MIRA TOPOGRAFICA,10/03/2023 17:26:27,,,,PLOMO,R,,,,U,O/C N°000066,15/02/2013,3649
35,MIRA TOPOGRAFICA,10/03/2023 17:25:50,,,,PLOMO,R,,,,U,O/C N°000066,15/02/2013,3650
35,MIRA TOPOGRAFICA,10/03/2023 17:34:56,,,,PLOMO,R,,,,U,O/C N°000388,21/06/2013,3651
35,MIRA TOPOGRAFICA,10/03/2023 17:36:18,,,,PLOMO/ALUMINIO,R,,,,U,O/C N°000424,5/07/2013,3653
35,MIRA TOPOGRAFICA,10/03/2023 17:37:29,,,,PLOMO,R,,,,U,O/C N°000424,5/07/2013,3654
35,MODULO DE COMPUTO (OTROS),10/03/2023 10:39:12,MELAMINA,,,CEDRO/NEGRO,B,1.11 X0.48X1.80,,,U,O/C N°00144,7/07/2014,3667
35,MODULO DE MELAMINA,10/03/2023 10:40:33,,,,CEDRO/NEGRO,R,0.48X1.13X1.80,,,U,O/C N°000199,1/08/2012,3669
35,MODULO DE MELAMINA,10/03/2023 10:47:37,,,,CEDRO/NEGRO,M,0.49X1.13X1.80,BAJA ,,U,O/C N°000199,1/08/2012,3670
35,MONITOR (OTROS),10/03/2023 10:49:18,LG,L 177WSB,807NDYG4H546,NEGRO,R,,,,U,O/C N°68,5/08/2008,3672
35,MONITOR (OTROS),10/03/2023 11:59:19,LG,LCD,904NDYGGK586,NEGRO,M,,,,D,O/C N°3-0060,10/08/2009,3673
35,MONITOR (OTROS),10/03/2023 12:00:22,SAMSUNG,L520CHZKFVA/PE,CM20H9LSB162278H,NEGRO,M,,,,D,O/C N°8-00002,24/02/2010,3674
35,MONITOR (OTROS),10/03/2023 11:54:26,HYUNDAI,V96W,V96WDSCR9B00552,NEGRO,M,,,,D,O/C N°8-00110,23/04/2010,3675
35,MONITOR (OTROS),10/03/2023 11:56:17,LG,L177WSBS,711NOQA5U212,NEGRO,M,,,,D,O/C N°3-00043,25/05/2010,3676
35,MONITOR (OTROS),10/03/2023 10:45:21,LG,E1941ST,106TPHGOT585,NEGRO,M,,,,U,O/C N°00239,9/08/2011,3677
35,MONITOR (OTROS),10/03/2023 10:51:13,AOC,215LM00032,AXBCCC9A000668,NEGRO,R,,,,U,O/C N°000279,31/05/2013,3678
35,MONITOR (OTROS),10/03/2023 10:41:45,LG,22EA53VA,303NDSK5F814,NEGRO,R,,,,U,O/C N°000533,23/07/2013,3679
35,MONITOR (OTROS),10/03/2023 11:55:37,LG,E1960ST,104LTMDOV259,NEGRO,M,,,,D,O/C N°000352,13/10/2011,3680
35,MONITOR (OTROS),10/03/2023 11:02:32,SAMSUNG,2233SN,CM22H9L5318897P,NEGRO,R,,,,U,O/C N°3-00125,30/10/2009,3681
35,MONITOR (OTROS),10/03/2023 10:30:31,SONY,,,NEGRO,M,,BAJA,,D,SANEAR,31/12/2021,3682
35,MONITOR (OTROS),10/03/2023 11:57:04,LG,20M47A,604NTJJGB268,NEGRO,M,,,,D,SANEAR,31/12/2021,3683
35,MONITOR PLANO,10/03/2023 11:55:09,LG,22EA51UVA,303NDCR5D595,NEGRO,M,,,,D,O/C 000532,23/07/2013,3685
35,NIVEL TOPOGRAFICO,10/03/2023 16:19:25,KARL ZEISS,JEAN NI-020A,015856,AMARILLO,M,,BAJA,,D,O/C N°291,30/05/1995,3692
35,NIVEL TOPOGRAFICO,10/03/2023 16:11:52,KARL ZEISS,NI050,547274,AMARILLO,M,,BAJA,,D,O/C N°071.,30/03/1995,3693
35,NIVEL TOPOGRAFICO,10/03/2023 16:08:33,WILD NA2,,520961,VERDE/OSCURO,M,,,,U,SANEAR,31/12/2021,3696
35,NIVEL TOPOGRAFICO,10/03/2023 16:24:15,WILD HEERBRUGG,,121325,VERDE/OSCURO,M,,BAJA,,D,SANEAR,31/12/2021,3697
35,NIVEL TOPOGRAFICO,10/03/2023 16:19:13,WILD HEERBRUG,NAK1,344272,VERDE/OSCURO,M,,BAJA,,D,SANEAR,31/12/2021,3698
35,NIVEL TOPOGRAFICO,10/03/2023 16:25:16,KERN,,,VERDE/OSCURO,M,,BAJA,,D,SANEAR,31/12/2021,3699
35,NIVEL TOPOGRAFICO,10/03/2023 16:22:31,KERN SWISS,GK 1-A,161572,VERDE/OSCURO,M,,BAJA,,D,SANEAR,31/12/2021,3700
35,NIVEL TOPOGRAFICO,10/03/2023 16:12:36,SECO,,66106,ANARANJADO,M,,BAJA,,D,O/C N°253,16/08/2004,3701
35,NIVEL TOPOGRAFICO,10/03/2023 16:07:29,KERNSWISS,4811-32,66106,ANARANJADO,M,,BAJA,,D,O/C N°85,21/06/2007,3702
35,NIVEL TOPOGRAFICO,13/03/2023 11:31:09,TOPCON,AT_G6,8F 7570,VERDE/AMARILLO,M,,,,U,O/C N°170,24/09/2007,3703
35,NIVEL TOPOGRAFICO,13/03/2023 10:58:40,TOPCON,AT_G6,8F 7547,AMARILLO,M,,,,U,O/C N°0-00074,26/02/2010,3704
35,NIVEL TOPOGRAFICO,13/03/2023 11:23:51,LEICA ,NA721,422327,ROJO/PLOMO,M,,,,D,O/C N° 00030,18/04/2011,3705
35,NIVEL TOPOGRAFICO,13/03/2023 10:45:41,LEICA,NA720,5600813,BLANCO/ROJO,R,,,,U,O/C N°00042,20/04/2011,3706
35,NIVEL TOPOGRAFICO,13/03/2023 10:44:21,LEICA,NA724,5600909,ROJO,R,,,,U,O/C N°00278,15/09/2011,3707
35,NIVEL TOPOGRAFICO,13/03/2023 10:46:56,LEICA,RUNNER 24,430639,AMARILLO,R,,,,U,O/C N°000391,27/10/2012,3708
35,NIVEL TOPOGRAFICO,13/03/2023 10:57:29,LEICA,NA 720,428959,AMARILLO,M,,,,U,SANEAR,31/12/2021,3709
35,NIVEL TOPOGRAFICO,13/03/2023 10:50:51,LEICA,NA730,5655347,ROJO/MANTEC,R,,,,U,O/C N°000204,7/08/2012,3711
35,NIVEL TOPOGRAFICO,13/03/2023 11:40:46,PENTAX,AP 281,603845,ROJO,M,,,,U,O/C N°000066,15/02/2013,3712
35,NIVEL TOPOGRAFICO,13/03/2023 10:52:54,PENTAX,AP 281,603845,ROJO/PLOMO,M,,,,U,O/C 000066,15/02/2013,3713
35,NIVEL TOPOGRAFICO,13/03/2023 10:48:32,PENTAX,AP 282,603769,ROJO/PLOMO,M,,,,U,O/C N°000066,15/02/2013,3714
35,NIVEL TOPOGRAFICO,13/03/2023 11:25:02,PENTAX,AP 283,603871,ROJO,M,,,,U,O/C N°000206,2/05/2013,3715
35,NIVEL TOPOGRAFICO,13/03/2023 10:55:16,PENTAX,AP 281,601010,PLOMO/ROJO,M,,,,U,O/C N°000206,2/05/2013,3716
35,NIVEL TOPOGRAFICO,13/03/2023 11:33:02,PENTAX,AP 282,710105,PLOMO/ROJO,R,,,,U,SANEAR,31/12/2021,3717
35,NIVEL TOPOGRAFICO,13/03/2023 10:56:15,PENTAX,AP 281,610207,PLOMO/ROJO,R,,,,U,O/C N°388,21/06/2013,3719
35,NIVEL TOPOGRAFICO,10/03/2023 16:13:36,KERN,GK 0-A,268460,VERDE/OSCURO,M,,BAJA,,D,SANEAR,31/12/2021,3722
35,NIVEL TOPOGRAFICO,13/03/2023 11:28:22,LEICA,,,ROJO/PLOMO,M,,,,U,O/C Nº 97,2/05/2016,3723
35,NIVEL TOPOGRAFICO,13/03/2023 11:48:01,PENTAX,AP 228,622896,PLOMO/ROJO,M,,,,U,O/C N°97,2/05/2016,3724
35,OSCILOSCOPIO,13/03/2023 11:52:40,,ST-16,601391,AZUL,M,,,,U,SANEAR,31/12/2021,3726
35,PANTOGRAFO,13/03/2023 12:36:45,CHINA,9 036,,AMARILLO,M,,,,U,SANEAR,31/12/2021,3727
35,PARLANTE AMPLIFICADOR PORTATIL,10/03/2023 11:20:11,,,,BLANCO,M,,ES PARLANTE DE COMPUTADORA - ELIMINAR,,U,O/C N°374,30/12/2003,3728
35,PARLANTES EN GENERAL (MAYOR A 1/8 UIT),10/03/2023 18:16:04,RLIP-EXTREME,K55600,100226631,NEGRO,R,,,,U,SANEAR,31/12/2021,3738
35,PARLANTES EN GENERAL (MAYOR A 1/8 UIT),10/03/2023 11:21:29,,,,BLANCO,M,,MENOR A 1/8 UIT - ELIMINAR,,U,O/C N°547,31/12/2001,3739
35,PARLANTES EN GENERAL (MAYOR A 1/8 UIT),10/03/2023 12:03:00,OMEGA,,2.00706E+12,NEGRO,M,,MENOR A 1/8 UIT - ELIMINAR,,D,SANEAR,31/12/2021,3741
35,PARLANTES EN GENERAL (MAYOR A 1/8 UIT),10/03/2023 11:05:14,AVATEC,AVS45,705000125,PLOMO,R,,,,U,O/C N°68,5/08/2008,3744
35,PARLANTES EN GENERAL (MAYOR A 1/8 UIT),10/03/2023 10:31:57,MICRONICS,MIC S11S5,1386S1155095,NEGRO,R,,MENOR 1/8 UIT - ELIMINAR,,U,O/C Nº 0-00032,22/02/2010,3748
35,PARLANTES EN GENERAL (MAYOR A 1/8 UIT),10/03/2023 12:02:27,MICRONICS,,,,M,,,,U,SANEAR,31/12/2021,3750
35,PARLANTES EN GENERAL (MAYOR A 1/8 UIT),10/03/2023 10:19:26,CYBERTEL,CYB S213,2497,NEGRO,R,,MENOR A 1/8 DE UIT - ELIMINAR,,U,O/C Nº 000532,23/07/2013,3759
35,PEACHIMETRO,13/03/2023 11:16:18,PH-009 (III) -C,S10PHMETER,,PLOMO,R,,,,U,O/C Nº 000131,26/03/2013,3774
35,PENETROMETRO,10/03/2023 16:00:59,,,,VERDE,M,,BAJA,,U,SANEAR,31/12/2021,3775
35,PLANCHETA AUTOREDUCTORA,13/03/2023 12:26:49,WILD,RK1-86395,RKY-86395,VERDE,M,,BAJA,,U,SANEAR,31/12/2021,3779
35,PLANCHETA TOPOGRAFICA,10/03/2023 16:36:08,KERN,,144543,VERDE,M,,BAJA,,D,SANEAR,31/12/2021,3780
35,PRISMA CIRCULAR,10/03/2023 17:17:18,,,,PLOMO,M,,BAJA- ES BALIZA O JALON TOPOGRAFICO,,D,SANEAR,31/12/2021,3781
35,PRISMA CIRCULAR,13/03/2023 11:41:58,LEICA,GPR 111,,ROJO,M,,BAJA,,U,O/C Nº 3-00077,18/08/2009,3791
35,PROYECTOR,13/03/2023 11:55:52,EPSON,H284A,L.5F932351L,BLANCO,R,,,,U,O/C Nº 3,30/03/2006,3815
35,RADIO RECEPTOR,10/03/2023 15:28:30,MOTOROLA,,,,M,,BAJA - SOLO TIENE UN COMPONENTE,,D,O/C Nº 3-00050,22/07/2009,3816
35,RADIO TRANSMISOR RECEPTOR,10/03/2023 15:27:32,MOTOROLA,EP-450,,NEGRO,M,,BAJA-SOLO TIENE UN COMPONENTE,,D,SANEAR,31/12/2021,3818
35,RADIO TRANSMISOR RECEPTOR,10/03/2023 15:33:10,MOTOROLA,,K7GMRCEJ,NEGRO,M,,BAJA - 1 TRANSMISOR,,D,SANEAR,31/12/2021,3819
35,RADIO TRANSMISOR RECEPTOR,10/03/2023 15:34:05,MOTOROLA,,,NEGRO,M,,BAJA - 1 TRANSMISOR,,D,SANEAR,31/12/2021,3820
35,RADIO TRANSMISOR RECEPTOR,10/03/2023 15:35:34,MOTOROLA,K7GMRCEJ,,NEGRO,M,,BAJA - 1 TRASMISOR,,D,SANEAR,31/12/2021,3821
35,RADIO TRANSMISOR RECEPTOR,10/03/2023 15:29:09,MOTOROLA,KGGMRCEJ,,NEGRO,R,,BAJA - SOLO TIENE UN COMPONENTE,,D,SANEAR,31/12/2021,3822
35,RADIO TRANSMISOR RECEPTOR,10/03/2023 15:33:37,MOTOROLA,,,NEGRO,M,,BAJA - 1 TRANSMISOR,,D,SANEAR,31/12/2021,3823
35,RADIO TRANSMISOR RECEPTOR,10/03/2023 15:29:56,MOTOROLA,K7GMDBJJPR,,NEGRO,M,,BAJA - SOLO TIENE UN COMPONENTE ( 1 TRANSMISOR),,D,SANEAR,31/12/2021,3824
35,RADIO TRANSMISOR RECEPTOR,10/03/2023 15:31:26,MOTOROLA,K7GMDBJJPR,,NEGRO,M,,BAJA - SOLO 1 TRANSMISOR,,D,SANEAR,31/12/2021,3825
35,RADIO TRANSMISOR RECEPTOR,10/03/2023 15:23:34,MOTOROLA,EP450,,NEGRO,M,,BAJA,,D,SANEAR,31/12/2021,3826
35,RADIO TRANSMISOR RECEPTOR,10/03/2023 15:34:52,MOTOROLA,K7GMRCEJ,,NEGRO,M,,BAJA 1 TRANSMISOR,,D,SANEAR,31/12/2021,3827
35,RADIO TRANSMISOR RECEPTOR,10/03/2023 15:25:28,MOTOROLA,K7GMRCEJ,,NEGRO,M,,BAJA,,D,SANEAR,31/12/2021,3828
35,RADIO TRANSMISOR RECEPTOR,10/03/2023 15:20:11,MOTOROLA,K7GMRCEE,K7GMRCEJ,NEGRO,M,,BAJA,,D,SANEAR,31/12/2021,3829
35,RADIO TRANSMISOR RECEPTOR,10/03/2023 15:22:59,MOTOROLA,K7GMRCEJ,,NEGRO,M,,BAJA,,D,SANEAR,31/12/2021,3830
35,RADIO TRANSMISOR RECEPTOR,10/03/2023 15:22:31,MOTOROLA,K7GMJBGJ,,NEGRO,M,,BAJA,,D,SANEAR,31/12/2021,3831
35,RADIO TRANSMISOR RECEPTOR,10/03/2023 15:19:41,MIDLAND,X-TALKER,,NEGRO,M,,BAJA,,D,SANEAR,31/12/2021,3832
35,RADIO TRANSMISOR RECEPTOR,10/03/2023 15:14:24,MOTOROLA,,,NEGRO,M,,BAJA,,D,SANEAR,31/12/2021,3834
35,RADIO TRANSMISOR RECEPTOR,10/03/2023 15:14:52,MOTOROLA,,,AZUL,M,,BAJA,,D,SANEAR,31/12/2021,3835
35,RADIO TRANSMISOR RECEPTOR,10/03/2023 15:26:42,MOTOROLA,,,NEGRO,M,,BAJA,,D,SANEAR,31/12/2021,3836
35,RADIO TRANSMISOR RECEPTOR,10/03/2023 15:18:45,MOTOROLA,,K7GMDBJJPR,NEGRO,M,,BAJA,,D,SANEAR,31/12/2021,3837
35,RADIO TRANSMISOR RECEPTOR,10/03/2023 15:17:36,MOTOROLA,,,NEGRO,M,,BAJA,,D,SANEAR,31/12/2021,3838
35,RADIO TRANSMISOR RECEPTOR,10/03/2023 15:11:51,MOTOROLA,,K7GMDBJJPR,NEGRO,M,,BAJA,,D,SANEAR,31/12/2021,3839
35,RADIO TRANSMISOR RECEPTOR,10/03/2023 15:26:00,MOTOROLA,,K7GMJBGJ,NEGRO,M,,BAJA,,D,SANEAR,31/12/2021,3840
35,RADIO TRANSMISOR RECEPTOR,10/03/2023 15:12:55,MOTOROLA,,,NEGRO,M,,BAJA,,D,SANEAR,31/12/2021,3841
35,RADIO TRANSMISOR RECEPTOR,10/03/2023 15:18:10,MOTOROLA,,,NEGRO,M,,BAJA,,D,SANEAR,31/12/2021,3842
35,RADIO TRANSMISOR RECEPTOR,10/03/2023 15:24:29,MOTOROLA,,K7GMRCEJ,NEGRO,M,,BAJA,,D,SANEAR,31/12/2021,3843
35,RADIO TRANSMISOR RECEPTOR,10/03/2023 15:16:31,MOTOROLA,,,NEGRO,M,,BAJA,,D,SANEAR,31/12/2021,3844
35,RADIO TRANSMISOR RECEPTOR,10/03/2023 15:22:02,MOTOROLA TOLKAT,MC-220,,NEGRO,M,,BAJA,,D,SANEAR,31/12/2021,3845
35,RADIO TRANSMISOR RECEPTOR,10/03/2023 15:17:01,MOTOROLA,,,NEGRO,M,,BAJA,,D,SANEAR,31/12/2021,3847
35,RADIO TRANSMISOR RECEPTOR,10/03/2023 15:30:53,MOTOROLA,,,NEGRO,M,,BAJA- SOLO 1TRANSMISOR ,,M,SANEAR,31/12/2021,3848
35,RADIO TRANSMISOR RECEPTOR,10/03/2023 15:32:42,MOTOROLA,,,NEGRO,M,,BAJA - 1 TRANSMISOR,,D,SANEAR,31/12/2021,3849
35,RADIO TRANSMISOR RECEPTOR,10/03/2023 15:30:32,MOTOROLA,,,NEGRO,M,,BAJA,,D,SANEAR,31/12/2021,3850
35,RADIO TRANSMISOR RECEPTOR,10/03/2023 15:15:33,MOTOROLA,,,AZUL,M,,BAJA,,D,SANEAR,31/12/2021,3851
35,RADIO TRANSMISOR RECEPTOR,10/03/2023 15:21:36,MOTOROLA,,,AZUL,M,,BAJA,,D,SANEAR,31/12/2021,3864
35,RADIOGRABADORA,10/03/2023 11:40:22,SONY,KW3005,1103350 - CFS,NEGRO,M,,,,U,O/C Nº 0300,29/04/1996,3865
35,RELOJ DE MESA,10/03/2023 16:06:14,,,,VERDE/AZUL,M,,BAJA,,D,SANEAR,31/12/2021,3868
35,REPRODUCTOR DE DVD/CD/VCD/SVCD/MP3 Y OTROS,10/03/2023 15:54:55,PHILIPS,BP125-N.DPENLLK,302HZGZ028119,NEGRO,M,,BAJA,,D,O/C Nº 000168,17/04/2013,3872
35,REPRODUCTOR DE DVD/CD/VCD/SVCD/MP3 Y OTROS,10/03/2023 17:54:26,SONY,BVTSR370,,NEGRO,R,,,,U,SANEAR,31/12/2021,3873
35,SILLA GIRATORIA DE METAL,10/03/2023 10:44:02,,,,NEGRO,R,0.46X0.65X0.88,,,U,O/C Nº 000352,14/06/2013,3874
35,SILLA GIRATORIA DE METAL,07/03/2023 16:09:28,,,,NEGRO,B,,,,U,O/C Nº 000047,7/02/2013,3875
35,SILLA GIRATORIA DE METAL,10/03/2023 10:24:22,,,,NEGRO,R,,,,U,O/C Nº 000047,7/02/2013,3876
35,SILLA GIRATORIA DE METAL,10/03/2023 10:53:21,,,,NEGRO,R,0.44X0.63X0.95,,,U,O/C Nº 000346,13/06/2013,3877
35,SILLON GIRATORIO (OTROS),10/03/2023 10:31:07,,TAPIZ MARROQUIN,,CAFÉ,M,0.70X0.60X1.20,BAJA,,U,O/C Nº 000520,24/07/2013,3878
35,SILLON GIRATORIO DE METAL,10/03/2023 11:04:10,,,,NEGRO,R,0.62X0.65X1.14,,,U,O/C Nº 266,8/09/2015,3880
35,SONDA PARA POZO,10/03/2023 16:05:17,,DWS-3,87-11021,,M,,BAJA,,D,SANEAR,31/12/2021,3881
35,SONDA PARA POZO,13/03/2023 12:38:53,,JFS-1,361,,M,,,,U,SANEAR,31/12/2021,3882
35,SONDA PARA POZO,13/03/2023 12:42:35,CHINA MOD JJW,,807,,M,,BAJA,,U,SANEAR,31/12/2021,3883
35,SONDA PARA POZO,13/03/2023 12:40:45,,JJX-3,4267,,M,,,,U,SANEAR,31/12/2021,3884
35,SONDA PARA POZO,13/03/2023 12:40:36,,JJX-3,5276,,M,,BAJA,,U,SANEAR,31/12/2021,3885
35,SONDA PARA POZO,13/03/2023 12:40:52,CHINA MOD. JJY1,,966-5,,M,,BAJA,,U,SANEAR,31/12/2021,3886
35,SONDA PARA POZO,13/03/2023 12:42:02,CHINA MOD. JJY1,JMZ-1,S4S,,M,,BAJA,,U,SANEAR,31/12/2021,3887
35,SONDA PARA POZO,10/03/2023 17:53:28,,JM2-1,964,,M,,BAJA,,D,SANEAR,31/12/2021,3888
35,TALADRO ELECTRICO PORTATIL,13/03/2023 11:46:13,BLACK DEEKER,20354,705070,PLOMO/NEGRO,R,,,,U,SANEAR,31/12/2021,3900
35,TECLADO - KEYBOARD,10/03/2023 12:33:34,GENIUS,K639,ZM6602042991,NEGRO,M,,BAJA,,D,O/C Nº 67,21/06/2003,3902
35,TECLADO - KEYBOARD,10/03/2023 12:26:33,GENIUS,KU-0138,,NEGRO,M,,BAJA,,D,O/C Nº 67,21/06/2003,3903
35,TECLADO - KEYBOARD,10/03/2023 12:30:18,BTC,5199,GO9332000238,BLANCO,M,,BAJA,,M,O/C Nº 375,30/12/2003,3904
35,TECLADO - KEYBOARD,10/03/2023 12:37:02,CYBERTEL,K238,,NEGRO/PLOMO,M,,BAJA,,D,O/C Nº 0-00033,22/02/2010,3905
35,TECLADO - KEYBOARD,10/03/2023 12:28:10,CYBERTEL,CYB K238,WE150WD37783,NEGRO,M,,BAJA,,D,SANEAR,31/12/2021,3906
35,TECLADO - KEYBOARD,10/03/2023 12:25:51,ADVANCE,GTKB08CM,WE27920C6860,NEGRO,M,,BAJA,,D,O/C Nº 000298,6/11/2012,3907
35,TECLADO - KEYBOARD,10/03/2023 11:01:06,GENIUS,KU-03138,ZCE99E900567,NEGRO,R,,,,U,O/C Nº 000306,14/11/2012,3908
35,TECLADO - KEYBOARD,10/03/2023 12:27:20,GENIUS,GK-100015,XEC507025760,NEGRO,M,,BAJA,,D,SANEAR,31/12/2021,3909
35,TECLADO - KEYBOARD,10/03/2023 10:53:54,CYBERTEL,CYB K238,,NEGRO/PLOMO,R,,,,U,O/C Nº 000533,23/07/2013,3910
35,TECLADO - KEYBOARD,10/03/2023 10:42:19,HP,KU0316,BBAVL0MGA4D1IV,NEGRO/PLOMO,R,,,,U,SANEAR,31/12/2021,3911
35,TECLADO - KEYBOARD,10/03/2023 12:36:16,CYBERTEL,K238,,NEGRO,M,,BAJA,,D,O/C Nº 000821,20/11/2013,3912
35,TECLADO - KEYBOARD,10/03/2023 12:37:57,ECOTREND,ECO-581,,NEGRO,M,,BAJA,,D,O/C Nº 000352,13/10/2011,3913
35,TECLADO - KEYBOARD,10/03/2023 10:23:18,GENIUS,GK-100015,XEC507004421,NEGRO,R,,,,U,O/C Nº 000219,27/08/2012,3914
35,TECLADO - KEYBOARD,10/03/2023 12:31:35,GENIUS,L645,ZM7607010452,NEGRO,M,,BAJA,,D,O/C Nº 000155,4/07/2012,3915
35,TECLADO - KEYBOARD,10/03/2023 12:32:35,GENIUS,KU0138,ZCE99I502947,NEGRO,M,,BAJA,,D,O/C Nº 000219,27/08/2012,3916
35,TECLADO - KEYBOARD,10/03/2023 12:29:35,GENIUS,K645,ZM9707004286,NEGRO,M,,BAJA,,D,SANEAR,31/12/2021,3917
35,TECLADO - KEYBOARD,10/03/2023 12:28:48,GENIUS,K639,WE27920CE6860,NEGRO,M,,BAJA,,D,SANEAR,31/12/2021,3919
35,TECLADO - KEYBOARD,10/03/2023 10:32:24,DATAONE,DAT-425C,,NEGRO,B,,,,U,SANEAR,31/12/2021,3921
35,TECLADO INALAMBRICO,10/03/2023 12:34:52,CYBERTEL,K138,1680K8130107,NEGRO/PLOMO,M,,,,D,O/C Nº 3-00125,30/10/2009,3922
35,TELEFONO CELULAR,10/03/2023 15:08:13,SAMSUNG,OKI-PHONE,17609951093,NEGRO,M,,BAJA,,D,O/C Nº 63,30/01/1997,3935
35,TELEFONO CELULAR,10/03/2023 15:05:30,SAMSUNG,SH770B SAM,M42765,NEGRO,M,,BAJA,,D,O/C Nº 380,31/07/1997,3936
35,TELEFONO CELULAR,10/03/2023 15:09:15,ERICSON,AF-738,,NEGRO,M,,BAJA,,D,O/C Nº 513,30/09/1997,3937
35,TELEFONO CELULAR,10/03/2023 15:21:08,MORLLINEE,187-182-213,AAO72079,NEGRO,M,,BAJA,,D,SANEAR,31/12/2021,3938
35,TEODOLITO DE MICROMETRO OPTICO,13/03/2023 12:06:17,KERN SWISS,K1-M,344724,VERDE/CLARO,M,,BAJA,,U,SANEAR,31/12/2021,3942
35,TEODOLITO DE MICROMETRO OPTICO,10/03/2023 16:20:36,KERN AARAU,DKM1,188277,VERDE,M,,BAJA,,D,SANEAR,31/12/2021,3944
35,TEODOLITO DE MICROMETRO OPTICO,10/03/2023 16:34:26,KERN SWISS,K1-M,318849,VERDE,M,,BAJA,,D,SANEAR,31/12/2021,3945
35,TEODOLITO DE VERNIER,10/03/2023 16:14:11,PAGODA,2T-30,3521,PLOMO/CLARO,M,,,,U,SANEAR,31/12/2021,3947
35,TEODOLITO ELECTRONICO,13/03/2023 12:08:20,WILD,T1A9569,139687,AMARILLO/NEGRO,M,,BAJA,,U,O/C Nº 00043,20/04/2011,3948
35,TEODOLITO ELECTRONICO,13/03/2023 10:38:59,LEICA,DTS,119275,,M,,,,U,O/C Nº 000135,26/06/2012,3949
35,TEODOLITO ELECTRONICO,13/03/2023 11:51:07,CTS BERGER,DGT2,127380,AMARILLO/NEGRO,M,,,,U,O/C Nº 000207,2/05/2013,3951
35,TEODOLITO ELECTRONICO,13/03/2023 11:59:43,CTS BERGER,DGT2,128324,AMARILLO/NEGRO,R,,,,U,O/C Nº 000303,6/06/2013,3952
35,TEODOLITO ELECTRONICO,13/03/2023 11:49:09,CST/BERGER,DGT2,122160,AMARILLO/NEGRO,R,,,,U,SANEAR,12/06/2013,3953
35,TEODOLITO ELECTRONICO,13/03/2023 12:11:28,CST/BERGER,DGT2,121960,AMARILLO/PLOMO,R,,,,U,SANEAR,31/12/2021,3954
35,TRIPODE DE MADERA,10/03/2023 17:02:15,,,,,M,,,,U,SANEAR,31/12/2021,3964
35,TRIPODE DE MADERA,10/03/2023 17:00:29,,,,AMARILLO,M,,,,U,SANEAR,31/12/2021,3965
35,TRIPODE DE MADERA,10/03/2023 17:46:28,,,,AMARILLO/NARANJA,M,,BAJA,,D,O/C Nº 000001,10/01/2013,3968
35,TRIPODE DE MADERA,10/03/2023 17:49:42,,,,AMARILLO/NARANA,M,,,,U,O/C Nº 000424,5/07/2013,3969
35,TRIPODE METALICO,10/03/2023 16:44:47,,,,PLOMO/AMARILLO,R,,,,U,O/C Nº 85,21/06/2007,3971
35,TRIPODE METALICO,10/03/2023 16:45:30,,,,PLOMO,M,,,,U,SANEAR,31/12/2021,3972
35,TRIPODE METALICO,13/03/2023 12:47:57,CST/BERGER,,,PLOMO/NARANJA,R,,,,U,O/C Nº 00030,18/04/2011,3973
35,TRIPODE METALICO,13/03/2023 12:45:06,CST/BERGER,,,PLOMO/NARANJA,M,,,,U,O/C Nº 00043,20/04/2011,3974
35,TRIPODE METALICO,10/03/2023 16:46:07,LEICA,CTP104,,PLOMO/AMARILLO,M,388,,,U,O/C Nº 000302,25/10/2013,3976
35,TRIPODE METALICO,10/03/2023 16:47:23,LEICA,CTP104,,PLOMO,M,,BAJA,,D,O/C Nº 000303,26/06/2013,3977
35,TRIPODE METALICO,10/03/2023 17:01:16,GST BERGER,,,PLOMO/NEGRO,M,,,,U,O/C Nº 000133,20/06/2012,3978
35,TRIPODE METALICO,10/03/2023 16:44:14,CON QUICK CLAMP,420 4.50 KG 17M,,,R,,,,U,O/C Nº 000135,26/06/2012,3979
35,TRIPODE METALICO,10/03/2023 16:48:11,,A420 4.50 KG 1M,,AMARILLO/PLOMO,M,,BAJA,,D,O/C Nº 000149,28/06/2012,3980
35,TRIPODE METALICO,10/03/2023 17:04:51,,,,,R,,,,U,O/C Nº 000123,11/06/2012,3983
35,TRIPODE METALICO,10/03/2023 17:49:05,,,,AMARILLO,R,,,,U,O/C Nº 00031,16/04/2011,3984
35,TRIPODE METALICO,10/03/2023 17:48:29,,,,AMARILLO/NARANJ,M,,BAJA,,U,O/C Nº 000206,2/05/2013,3985
35,TRIPODE METALICO,10/03/2023 16:43:20,,,,PLOMO/BLANCO,M,,BAJA,,D,O/C Nº 000206,2/05/2013,3986
35,TRIPODE METALICO,13/03/2023 12:46:34,CST/BERGER,,,PLOMO/NARANJA,R,,,,U,O/C Nº 000310,7/06/2013,3988
35,TRIPODE METALICO,10/03/2023 17:05:41,,,,PLOMO,R,,,,U,O/C Nº 000312,10/06/2013,3990
35,TRIPODE METALICO,10/03/2023 17:04:09,,,,PLOMO,R,,,,U,O/C Nº 000388,21/06/2013,3991
35,TRIPODE METALICO,10/03/2023 17:47:09,QUICK CLAMP,A20 4.50KG 171M,,PLOMO,M,,BAJA,,D,O/C Nº 97,2/05/2016,3993
35,TRIPODE METALICO,10/03/2023 16:59:48,,,,,M,SIN CABEZAL,,,U,O/C Nº 000472,16/07/2013,3994
35,TRIPODE METALICO,10/03/2023 17:47:36,,,,PLOMO,M,,BAJA,,U,SANEAR,31/12/2021,3998
35,TRIPODE METALICO,10/03/2023 17:45:12,PROEL,B032496333937,,NEGRO,B,,PARA PARLANTE,,U,SANEAR,31/12/2021,3999
35,TRIPODE PARA CAMARA FOTOGRAFICA,10/03/2023 16:42:05,CANON,,,PLOMO,R,,,,U,SANEAR,31/12/2021,4002
35,TV LCD DIGITAL PORTATIL,10/03/2023 11:08:42,SAMSUNG,VN60J6300AG,044M3CH800390A,NEGRO,B,,,,U,O/C Nº 483,29/12/2016,4003
35,UNIDAD CENTRAL DE PROCESO - CPU,10/03/2023 10:44:25,ALTRON,,,NEGRO,R,,,,U,O/C Nº 374,30/12/2003,4004
35,UNIDAD CENTRAL DE PROCESO - CPU,10/03/2023 12:21:22,CLK,,,NEGRO,M,,,,D,O/C Nº 71,7/08/2007,4005
35,UNIDAD CENTRAL DE PROCESO - CPU,10/03/2023 12:22:50,CIBERLINK,INTEL CORE 2 D2,,NEGRO,M,,,,D,O/C Nº 101,24/09/2008,4006
35,UNIDAD CENTRAL DE PROCESO - CPU,10/03/2023 10:10:03,ALTRON,,,,R,,,,D,O/C Nº 3-00060,18/08/2009,4007
35,UNIDAD CENTRAL DE PROCESO - CPU,10/03/2023 10:55:11,ALTRON,CORE 2QUAD.DE 2,,NEGRO/ROJO,R,,,,U,SANEAR,31/12/2021,4008
35,UNIDAD CENTRAL DE PROCESO - CPU,10/03/2023 11:48:59,MICRONICS,,,NEGRO,M,,,,D,O/C Nº 0-00032,22/02/2010,4009
35,UNIDAD CENTRAL DE PROCESO - CPU,10/03/2023 12:23:54,MICRONICS,,,NEGRO/AZUL,M,,,,D,O/C Nº 0-00033,22/02/2010,4010
35,UNIDAD CENTRAL DE PROCESO - CPU,10/03/2023 12:19:04,ALTRON,,YTD6TLA7769A500434C,NEGRO,M,,BAJA,,D,O/C Nº 3-00021,23/04/2010,4013
35,UNIDAD CENTRAL DE PROCESO - CPU,10/03/2023 11:52:23,MEGATECH,,,NEGRO,M,,,,D,O/C Nº 9-00084,14/07/2010,4015
35,UNIDAD CENTRAL DE PROCESO - CPU,10/03/2023 12:17:35,DELUXE,CORE I7,BTB12800LIW,NEGRO,M,,BAJA,,D,O/C Nº 000352,13/10/2011,4016
35,UNIDAD CENTRAL DE PROCESO - CPU,10/03/2023 12:23:28,DELUXE,CORE I7,C1103B0328,NEGRO,R,,,,U,O/C Nº 000460,30/11/2011,4017
35,UNIDAD CENTRAL DE PROCESO - CPU,10/03/2023 11:49:58,MICRONICS,CORE I7,,NEGRO,M,,,,U,O/C Nº 000175,19/04/2013,4019
35,UNIDAD CENTRAL DE PROCESO - CPU,10/03/2023 10:18:01,THERMALTAKE,CORE I7,,NEGRO,R,,,,U,O/C Nº 000279,31/05/2013,4020
35,UNIDAD CENTRAL DE PROCESO - CPU,10/03/2023 11:51:08,INTEL,CORE I7,,NEGRO,M,,BAJA,,D,O/C Nº 000532,23/07/2013,4021
35,UNIDAD CENTRAL DE PROCESO - CPU,10/03/2023 11:04:23,CYBERTEL,CORE I7,,NEGRO,R,,,,U,O/C Nº 000533,23/07/2013,4022
35,UNIDAD CENTRAL DE PROCESO - CPU,10/03/2023 11:51:44,MICRONICS,INTEL,,NEGRO/ROJO,M,,,,D,SANEAR,31/12/2021,4023
35,UNIDAD CENTRAL DE PROCESO - CPU,10/03/2023 10:32:53,HALION,INTEL CORE I 7,,NEGRO/VERDE,B,,,,U,O/C Nº 495,30/12/2016,4026
35,VIDEOGRABADORA,10/03/2023 12:53:28,PANASONIC,AG1970,A5TC00054,NEGRO,M,,BAJA,,D,SANEAR,31/12/2021,4029
