1,228,41,,678202750001,AUTOHORMIGONERA,R,,AUSA,X1100RH,,NARANJA,1503.0101,209734.00,
2,502,41,,678281500001,MOTOCAR,R,,SONIK,SONIK 250,,ROJO,1503.0101,7650.00,
3,503,41,,678281500003,MOTOCAR,R,,YADE,250 ZH,,ROJO/AZUL,1503.0101,6350.00,
4,505,41,,678268000007,MOTOCICLETA,M,,HONDA,XL200,,ROJO,1503.0101,1.00,
5,506,41,,678268000009,MOTOCICLETA,R,,,,,ROJO,1503.0101,1.00,
6,508,41,,678268000012,MOTOCICLETA,M,,FORTE,FORTE 250,,AMARILLO,1503.0101,4450.00,
7,510,41,,678268000018,MOTOCICLETA,R,,HONDA,XR150L,,ROJO,1503.0101,7850.00,
8,512,41,,678268000022,MOTOCICLETA,R,,HONDA,XR-190L,,NEGRO,1503.0101,12000.00,
9,513,41,,678268000025,MOTOCICLETA,R,,RONCO,X - PLORER 2005,,ROJO/BLANCO,1503.0101,4800.00,
10,1412,2,,678268000016,MOTOCICLETA,R,,HONDA,XL-200,,BLANCO,1503.0101,11200.00,
11,1420,2,,678250000022,CAMIONETA,R,,TOYOTA,HILUX,,DORADO METALICO,1503.0101,107450.00,
12,1973,31,,678245500005,CAMION VOLQUETE,R,,VOLVO,FMX 6X4 R,,VERDE/PLOMO,1503.0101,528000.00,
13,2131,40,,678250000015,CAMIONETA,M,,,,,,1503.0101,1.00,
14,2445,40,,678268000004,MOTOCICLETA,M,,NO,N,,S/C,1503.0101,1.00,
15,2446,40,,678268000005,MOTOCICLETA,M,,NO,N,,S/C,1503.0101,1.00,
16,2447,40,,678268000008,MOTOCICLETA,M,,S-M,XL-125,,S-C,1503.0101,1.00,
17,2448,40,,678268000014,MOTOCICLETA,M,,S/M,,,0,1503.0101,1.00,
18,2449,40,,678268000015,MOTOCICLETA,M,,S/M,,,0,1503.0101,1.00,
19,2450,40,,678268000017,MOTOCICLETA,M,,,,,O,1503.0101,1.00,
20,2451,40,,678268000020,MOTOCICLETA,M,,,,,N,1503.0101,1.00,
21,3429,35,,678250000017,CAMIONETA,R,,NISSAN,NAVARA,,PLATA,1503.0101,90900.00,
22,3430,35,,678250000018,CAMIONETA,R,,NISSAN,NAVARA,,GRIS PERLADO MO,1503.0101,90900.00,
23,3431,35,,678250000019,CAMIONETA,R,,TOYOTA,HILUX (4X4),,PLATA METALICO,1503.0101,108112.50,
24,3432,35,,678250000021,CAMIONETA,R,,TOYOTA,HILUX,,PLATA METALICO,1503.0101,107500.00,
25,3433,35,,678250000023,CAMIONETA,R,,TOYOTA,HILUX 4X4,,ROJO VINO,1503.0101,1.00,
26,1210,22,22,678250000020,CAMIONETA,R,,TOYOTA,HILUX,,PLATA METALICO,1503.0101,108066.00,
27,2444,40,3,678268000001,MOTOCICLETA,M,,,,,,1503.0101,1.00,
28,108,3,3,678263500001,MONTACARGA,M,,TRUCK,FORKLIFT,,BLANCO/ANARANJ0,1503.0101,1.00,
29,131,3,3,678268000029,MOTOCICLETA,M,,HONDA,XL-200,,ROJO,1503.0101,1.00,
30,130,3,3,678268000026,MOTOCICLETA,M,,RONCO,X - PLORER 2005,,NEGRO/BLANCO,1503.0101,4800.00,
31,128,3,3,678268000006,MOTOCICLETA,M,,HONDA,XL-200,,ROJO,1503.0101,11246.00,
32,127,3,3,678268000003,MOTOCICLETA,M,,HONDA,XL-200,,ROJO,1503.0101,12800.00,
33,126,3,3,678268000002,MOTOCICLETA,M,,HONDA,XL-125S,,ROJO,1503.0101,1.00,
34,125,3,3,678281500005,MOTOCAR,M,,SUNSHINE,250 ZH,,AZUL,1503.0101,7200.00,
35,124,3,3,678281500004,MOTOCAR,M,,SUNSHINE,250 ZH,,ANARANJADO,1503.0101,7200.00,
36,123,3,3,678281500002,MOTOCAR,M,,YADE,250 ZH,,ROJO,1503.0101,6350.00,
37,1959,31,31,678209500003,CAMION (OTROS),M,,,JN-150,,CELESTE,1503.0101,1.00,
38,1964,31,31,678214000003,CAMION CISTERNA,M,,RIO AMARILLO,JN-150,,VERDE AZUL,1503.0101,1.00,
39,1988,31,31,678250000025,CAMIONETA,M,,NISSAN,,,ROJO,1503.0101,1.00,
40,1982,31,31,678250000010,CAMIONETA,M,,RURAL JEEP,BJ2120,,VERDE,1503.0101,1.00,
41,1980,31,31,678250000008,CAMIONETA,M,,NISSAN,NLMD21SF,,VIOLETA CLARO,1503.0101,1.00,
42,1981,31,31,678250000009,CAMIONETA,M,,NISSAN,2400CC,,CREMA,1503.0101,1.00,
43,1990,31,31,678250000027,CAMIONETA,M,,TOYOTA,RN46L-KRP,,BLANCO/CREMA(A),1503.0101,1.00,
44,1986,31,31,678250000014,CAMIONETA,M,,TOYOTA,HILUX,,ROJO,1503.0101,1.00,
45,1983,31,31,678250000011,CAMIONETA,M,,JEEP,CHEROKE,,VERDE CLARO,1503.0101,1.00,
46,1985,31,31,678250000013,CAMIONETA,M,,JEEP,BJ212A,,VERDE CLARO,1503.0101,1.00,
47,1978,31,31,678250000006,CAMIONETA,M,,DODGE,D-100-114,,BLANCO,1503.0101,1.00,
48,1979,31,31,678250000007,CAMIONETA,M,,DODGE,D-100,,AZUL MEDIANO,1503.0101,1.00,
49,1989,31,31,678250000026,CAMIONETA,M,,TOYOTA,,,ANARANJADO,1503.0101,1.00,
50,1987,31,31,678250000024,CAMIONETA,M,,TOYOTA,YN-571-KRP,,CREMA,1503.0101,1.00,
51,1984,31,31,678250000012,CAMIONETA,M,,JEEP,CHEROKE,,VERDE CLARO,1503.0101,1.00,
52,1972,31,31,678245500004,CAMION VOLQUETE,M,,RIO AMARILLO,D-500,,CELESTE,1503.0101,1.00,
53,1970,31,31,678245500002,CAMION VOLQUETE,M,,RIO AMARILLO,CD-352,,NARANJA/AMARILR,1503.0101,1.00,
54,1962,31,31,678214000001,CAMION CISTERNA,M,,DODGE,D-500,,BEIGE MARFIL RO,1503.0101,15820.00,
55,1974,31,31,678245500006,CAMION VOLQUETE,M,,,N-86,,ANARANJADO,1503.0101,1.00,
56,1975,31,31,678245500007,CAMION VOLQUETE,M,,,,,ROJO,1503.0101,1.00,
57,1971,31,31,678245500003,CAMION VOLQUETE,M,,RIO AMARILLO,,,AMARILLO,1503.0101,1.00,
58,1963,31,31,678214000002,CAMION CISTERNA,M,,RIO AMARILLO,JN-150,,PLOMO/VERDE,1503.0101,1.00,
59,1967,31,31,678227500002,CAMION GRUA,M,,RIO AMARILLO,JN-150,,CELESTE,1503.0101,1.00,
60,1966,31,31,678227500001,CAMION GRUA,M,,RIO AMARILLO,INQ28,,CELESTE,1503.0101,1.00,
61,1961,31,31,678209500005,CAMION (OTROS),M,,RIO AMARILLO,JN-150,,ANARANJADO,1503.0101,1.00,
62,1965,31,31,678214000004,CAMION CISTERNA,M,,,EQ-140,,PLOMO CREMA,1503.0101,1.00,
63,1992,31,31,678250000029,CAMIONETA,M,,TOYOTA,HILUX,,CREMA,1503.0101,1.00,
64,1957,31,31,678209500001,CAMION (OTROS),M,,DODGE,D-300,,AZUL NOCTURNO,1503.0101,1.00,
65,1976,31,31,678250000001,CAMIONETA,M,,TOYOTA,STOUT,,BLANCO,1503.0101,1.00,
66,2035,31,31,678259000001,MICROBUS,M,,SHANG HAY,EQ-140,,CREMA FRANJA AL,1503.0101,1.00,
67,1969,31,31,678245500001,CAMION VOLQUETE,M,,VOLVO,F-12 (4X2),,VERDE/NEGRO/PLO,1503.0101,1.00,
68,1960,31,31,678209500004,CAMION (OTROS),M,,RIO AMARILLO,JN-150,,ANARANJADO,1503.0101,1.00,
69,1991,31,31,678250000028,CAMIONETA,M,,NISSAN,UNLM 21 SF,,NARANJA (COFRE),1503.0101,1.00,
70,1977,31,31,678250000002,CAMIONETA,M,,TOYOTA,2000,,BLANCO,1503.0101,1.00,
71,1958,31,31,678209500002,CAMION (OTROS),M,,PRASTER,JN-150,,AMARILLO,1503.0101,1.00,
72,1968,31,31,678227500003,CAMION GRUA,M,,RIO AMARILLO,INQ84,,CELESTE,1503.0101,1.00,
73,2909,32,32,678250000003,CAMIONETA,M,,TOYOTA,HILUX 4X4,,AZUL OSCURO,1503.0101,1.00,
74,2912,32,32,678250000030,CAMIONETA,M,,JEEP,CHEROKE,,PLOMO PLATEADO,1503.0101,1.00,
75,2911,32,32,678250000005,CAMIONETA,R,,TOYOTA,HILUX 4X4,,GRIS METALICO,1503.0101,1.00,
76,2910,32,32,678250000004,CAMIONETA,M,,TOYOTA,HILUX 4X4,,ROJO VINO,1503.0101,1.00,
77,1517,37,51,678268000024,MOTOCICLETA,R,,RONCO,X - PLORER 2005,,NEGRO/BLANCO,1503.0101,4800.00,
78,1402,2,55,678268000027,MOTOCICLETA,R,,HERO,XPULSE 200,,BLANCO,1503.0101,16000.00,
79,1410,2,56,678250000016,CAMIONETA,R,,NISSAN,NAVARA,,PLATA TITANIO METALICO,1503.0101,91000.00,PARA MANTENIMIENTO
80,511,41,56,678268000021,MOTOCICLETA,R,,HONDA,XR-190L,,ROJO,1503.0101,12000.00,
81,1534,37,57,678268000019,MOTOCICLETA,R,,HONDA,XR-150,,BLANCO,1503.0101,1.00,
82,1527,37,57,678202750002,AUTOHORMIGONERA,R,,AUSA,X1100RH,,NARANJA,1503.0101,219000.00,PARA MANTENIMIENTO
83,129,3,58,678268000010,MOTOCICLETA,M,,HONDA,XL-250,,ROJO,1503.0101,12316.50,
84,504,41,58,678281500006,MOTOCAR,M,,SONIK,SONIK 250,,AZUL,1503.0101,7650.00,
85,507,41,58,678268000011,MOTOCICLETA,M,,FORTE,FORTE 250,,ROJO,1503.0101,4450.00,
86,509,41,58,678268000013,MOTOCICLETA,M,,WANXIN,WX200GY-A,,ROJO,1503.0101,1.00,
87,1521,37,58,678268000023,MOTOCICLETA,R,,RONCO,X - PLORER 2005,,ROJO/BLANCO,1503.0101,4800.00,
88,1522,37,58,678268000028,MOTOCICLETA,R,,HERO,XPULSE 200,,BLANCO,1503.0101,16000.00,
