"Acta","dep","prov","dist","local","area","oficina","dni","nombre","apellidoPat","apellidoMat","EquiInv"
"1","PUNO","PUNO","PUNO","PRORRIDRE","","ALMACEN CENTRAL","","","","","1"
"2","PUNO","PUNO","PUNO","PRORRIDRE","","DIRECCION DE OBRAS","0","A","B","D","1"
"3","PUNO","PUNO","PAUCARCOLLA","ALMACEN TALLER MAESTRANZA - ILLPA","UNIDAD DE PATRIMONIO Y ALMACÉN","ALMACEN GRANDE","46087346","DAVID CESAR","HUANACUNI","LUPACA","1"
"4","PUNO","PUNO","PUNO","PRORRIDRE","UNIDAD DE PATRIMONIO Y ALMACÉN","ARCHIVO","46087346","DAVID CESAR","HUANACUNI","LUPACA","1"
"5","PUNO","PUNO","PUNO","PRORRIDRE","ASESORIA LEGAL","ASESORIA LEGAL","44024588","FREDY DAVID","CONTRERAS","MAQUERA","1"
"6","PUNO","PUNO","PAUCARCOLLA","ALMACEN TALLER MAESTRANZA - ILLPA","UNIDAD DE PATRIMONIO Y ALMACÉN","CASETA 724","46087346","DAVID CESAR","HUANACUNI","LUPACA","1"
"7","PUNO","PUNO","PAUCARCOLLA","ALMACEN TALLER MAESTRANZA - ILLPA","UNIDAD DE PATRIMONIO Y ALMACÉN","CASETA 725","46087346","DAVID CESAR","HUANACUNI","LUPACA","1"
"8","PUNO","PUNO","PAUCARCOLLA","ALMACEN TALLER MAESTRANZA - ILLPA","UNIDAD DE PATRIMONIO Y ALMACÉN","CASETA 726","46087346","DAVID CESAR","HUANACUNI","LUPACA","1"
"9","PUNO","PUNO","PAUCARCOLLA","ALMACEN TALLER MAESTRANZA - ILLPA","UNIDAD DE PATRIMONIO Y ALMACÉN","CASETA 727","46087346","DAVID CESAR","HUANACUNI","LUPACA","1"
"10","PUNO","PUNO","PAUCARCOLLA","ALMACEN TALLER MAESTRANZA - ILLPA","UNIDAD DE PATRIMONIO Y ALMACÉN","CASETA 728","46087346","DAVID CESAR","HUANACUNI","LUPACA","1"
"11","PUNO","PUNO","PAUCARCOLLA","ALMACEN TALLER MAESTRANZA - ILLPA","UNIDAD DE PATRIMONIO Y ALMACÉN","CASETA 738","46087346","DAVID CESAR","HUANACUNI","LUPACA","1"
"12","PUNO","PUNO","PAUCARCOLLA","ALMACEN TALLER MAESTRANZA - ILLPA","UNIDAD DE PATRIMONIO Y ALMACÉN","CASETA 740","46087346","DAVID CESAR","HUANACUNI","LUPACA","1"
"13","PUNO","PUNO","PAUCARCOLLA","ALMACEN TALLER MAESTRANZA - ILLPA","UNIDAD DE PATRIMONIO Y ALMACÉN","CASETA 744","46087346","DAVID CESAR","HUANACUNI","LUPACA","1"
"14","PUNO","PUNO","PAUCARCOLLA","ALMACEN TALLER MAESTRANZA - ILLPA","UNIDAD DE PATRIMONIO Y ALMACÉN","CASETA 749","46087346","DAVID CESAR","HUANACUNI","LUPACA","1"
"15","PUNO","PUNO","PAUCARCOLLA","ALMACEN TALLER MAESTRANZA - ILLPA","UNIDAD DE PATRIMONIO Y ALMACÉN","CASETA 750","46087346","DAVID CESAR","HUANACUNI","LUPACA","1"
"16","PUNO","PUNO","PAUCARCOLLA","ILLPA","UNIDAD DE PATRIMONIO Y ALMACÉN","CONTENEDOR 573","46087346","DAVID CESAR","HUANACUNI","LUPACA","1"
"17","PUNO","PUNO","PAUCARCOLLA","ILLPA","UNIDAD DE PATRIMONIO Y ALMACÉN","CONTENEDOR 578","46087346","DAVID CESAR","HUANACUNI","LUPACA","2"
"18","PUNO","PUNO","PAUCARCOLLA","ILLPA","UNIDAD DE PATRIMONIO Y ALMACÉN","CONTENEDOR 579","46087346","DAVID CESAR","HUANACUNI","LUPACA","2"
"19","PUNO","PUNO","PAUCARCOLLA","ILLPA","UNIDAD DE PATRIMONIO Y ALMACÉN","CONTENEDOR 580","46087346","DAVID CESAR","HUANACUNI","LUPACA","2"
"20","PUNO","PUNO","PAUCARCOLLA","ILLPA","UNIDAD DE PATRIMONIO Y ALMACÉN","CONTENEDOR 581","46087346","DAVID CESAR","HUANACUNI","LUPACA","2"
"21","PUNO","PUNO","PUNO","PRORRIDRE","DIRECCIÓN DE ADMINISTRACIÓN","ADMINISTRACIÓN","43053757","HENRY","FLORES","TIQUE","2"
"22","PUNO","PUNO","PUNO","PRORRIDRE","DIRECCIÓN DE ESTUDIOS Y PROYECTOS","DIRECCIÓN","41428933","WILLIAM RONALD","FERNANDEZ","MEDINA","2"
"23","PUNO","PUNO","PUNO","PRORRIDRE","DIRECCIÓN DE PLANIFICACIÓN Y PRESUPUESTO","PLANIFICACIÓN Y PRESUPUESTO","41936055","JAIME","LOPEZ","MAMANI","2"
"24","PUNO","PUNO","PUNO","PRORRIDRE","DIRECCIÓN EJECUTIVA","DIRECCIÓN","02048247","JOSUE","QUISPE","CAPAJAÑA","2"
"25","PUNO","PUNO","PAUCARCOLLA","ALMACEN TALLER MAESTRANZA - ILLPA","UNIDAD DE PATRIMONIO Y ALMACÉN","ESTABLO","46087346","DAVID CESAR","HUANACUNI","LUPACA","2"
"26","PUNO","PUNO","PAUCARCOLLA","ALMACEN TALLER MAESTRANZA - ILLPA","UNIDAD DE PATRIMONIO Y ALMACÉN","GUARDIANIA","46087346","DAVID CESAR","HUANACUNI","LUPACA","2"
"27","PUNO","PUNO","PUNO","PRORRIDRE","IMAGEN INSTITUCIONAL","IMAGEN INSTITUCIONAL","01332751","GILMER","INQUILLA","ACERO","2"
"28","PUNO","PUNO","PUNO","PRORRIDRE","UNIDAD DE PATRIMONIO Y ALMACÉN","LABORATORIO DE SUELOS","46087346","DAVID CESAR","HUANACUNI","LUPACA","2"
"29","PUNO","PUNO","PAUCARCOLLA","ALMACEN TALLER MAESTRANZA - ILLPA","UNIDAD DE PATRIMONIO Y ALMACÉN","MINIBUS","46087346","DAVID CESAR","HUANACUNI","LUPACA","2"
"30","PUNO","PUNO","PUNO","PRORRIDRE","OFICINA DE LIQUIDACIÓN","LIQUIDACIÓN","42651135","FREDDY VLADIMIR","SANTANDER","PACORICONA","2"
"31","PUNO","PUNO","PAUCARCOLLA","ALMACEN TALLER MAESTRANZA - ILLPA","UNIDAD DE PATRIMONIO Y ALMACÉN","PATIO ILLPA","46087346","DAVID CESAR","HUANACUNI","LUPACA","2"
"32","PUNO","PUNO","PAUCARCOLLA","ALMACEN TALLER MAESTRANZA - ILLPA","UNIDAD DE PATRIMONIO Y ALMACÉN","TALLER ILLPA","46087346","DAVID CESAR","HUANACUNI","LUPACA","2"
"33","PUNO","PUNO","PUNO","PRORRIDRE","UNIDAD DE ABASTECIMIENTO","ABASTECIMIENTOS","43328272","WILSON EDER","COAQUIRA","MAMANI","2"
"34","PUNO","PUNO","PUNO","PRORRIDRE","UNIDAD DE CONTABILIDAD","CONTABILIDAD","75396431","BENJAMIN","CHOQUE","MANZANARES","3"
"35","PUNO","PUNO","PUNO","PRORRIDRE","UNIDAD DE PATRIMONIO Y ALMACÉN","OFICINA","46087346","DAVID CESAR","HUANACUNI","LUPACA","3"
"36","PUNO","PUNO","PAUCARCOLLA","ILLPA","UNIDAD DE PATRIMONIO Y ALMACÉN","GRUPO ELECTROGENO","46087346","DAVID CESAR","HUANACUNI","LUPACA","3"
"37","PUNO","PUNO","PUNO","PRORRIDRE","DIRECCIÓN DE OBRAS","DIRECCIÓN DE OBRAS","42651135","FREDDY VLADIMIR","SANTANDER","PACORICONA","3"
"38","PUNO","PUNO","PUNO","PRORRIDRE","ERROR DE REGISTRO","ERROR REGISTRO","0","A","B","D","3"
"39","PUNO","PUNO","PUNO","PRORRIDRE","","NUEVO","0","A","B","D","3"
"40","PUNO","PUNO","PUNO","PRORRIDRE","SIN REGISTRO","SIN REGISTRO","0","A","B","D","3"
"41","PUNO","PUNO","PUNO","PRORRIDRE","BIENES FALTANTES AL 2021","FALTANTES","0","A","B","D","3"
"42","PUNO","PUNO","PUNO","PRORRIDRE","UNIDAD DE PATRIMONIO Y ALMACÉN","CESION EN USO","46087346","DAVID CESAR","HUANACUNI","LUPACA","3"
"43","PUNO","PUNO","PUNO","PRORRIDRE","UNIDAD DE PERSONAL","UNIDAD DE PERSONAL","40923211","ROBBY ABEL","VELASQUEZ","TORRES","3"
"44","PUNO","PUNO","PUNO","PRORRIDRE","UNIDAD DE TESORERIA","UNIDAD DE TESORERIA","46994317","MARCO ANTONIO","OLVEA","APAZA","3"
"45","PUNO","PUNO","PUNO","PRORRIDRE","DIRECCIÓN DE OBRAS","OFICINA 1","42651135","FREDDY VLADIMIR","SANTANDER","PACORICONA","3"
"47","PUNO","PUNO","PUNO","PRORRIDRE","DIRECCIÓN DE OBRAS","EQUIPO Y MAQUINARIA","42651135","FREDDY VLADIMIR","SANTANDER","PACORICONA","3"
"48","PUNO","PUNO","PUNO","PRORRIDRE","UNIDAD DE PATRIMONIO Y ALMACÉN","CASETA 03","46087346","DAVID CESAR","HUANACUNI","LUPACA","3"
"49","PUNO","CHUCUITO","HUACULLANI","OBRAS - PRORRIDRE","DIRECCIÓN DE OBRAS","META NRO 05","42873726","WILMERT MARX","QUISPE","PEREZ","3"
"50","PUNO","CHUCUITO","ZEPITA","OBRAS - PRORRIDRE","DIRECCIÓN DE OBRAS","META NRO 02","80146597","HEDY","BELIZARIO","QUISPE","3"
"51","PUNO","CHUCUITO","HUACULLANI","OBRAS - PRORRIDRE","DIRECCIÓN DE OBRAS","META NRO 18","47704628","PAUL FROYLAN","ATENCIO","LAYME","3"
"55","PUNO","AZANGARO","AZANGARO","OBRAS - PRORRIDRE","DIRECCIÓN DE OBRAS","META NRO 04","45846922","WILLIAM CHARLES","CALLATA","TAPIA","3"
"56","PUNO","AZANGARO","AZANGARO","OBRAS - PRORRIDRE","DIRECCIÓN DE OBRAS","META NRO 17","01315901","CARL ALBERTO","CARRASCO","HUANCA","3"
"57","PUNO","MELGAR","UMACHIRI","OBRAS - PRORRIDRE","DIRECCIÓN DE OBRAS","META NRO 23","43396294","ROLANDO JESUS","MANCHA","CUTIPA","3"
"58","PUNO","HUANCANE","VILQUECHICO","OBRAS - PRORRIDRE","DIRECCIÓN DE OBRAS","META NRO 26","42912687","LEONEL","BARRIOS","CHINO","3"
"59","PUNO","PUNO","PAUCARCOLLA","ALMACEN TALLER MAESTRANZA - ILLPA","UNIDAD DE PATRIMONIO Y ALMACÉN","CASETA 743","46087346","DAVID CESAR","HUANACUNI","LUPACA","3"
"60","PUNO","SAN ROMAN","YOCARA","OBRA YOCARA","DIRECCIÓN DE OBRAS","ALMACEN YOCARA","42087346","FREDDY VLADIMIR","SANTANDER","PACORICONA","3"
"61","PUNO","PUNO","PAUCARCOLLA","ALMACEN TALLER MAESTRANZA - ILLPA","UNIDAD DE PATRIMONIO Y ALMACÉN","CASETA 742","46087346","DAVID CESAR","HUANACUNI","LUPACA","3"
"62","PUNO","PUNO","PAUCARCOLLA","ALMACEN TALLER MAESTRANZA - ILLPA","UNIDAD DE PATRIMONIO Y ALMACÉN","CASETA 748","46087346","DAVID CESAR","HUANACUNI","LUPACA","3"
"63","PUNO","PUNO","PAUCARCOLLA","ALMACEN TALLER MAESTRANZA - ILLPA","UNIDAD DE PATRIMONIO Y ALMACÉN","CASETA 733","46087346","DAVID CESAR","HUANACUNI","LUPACA","1"
"64","PUNO","PUNO","PAUCARCOLLA","ALMACEN TALLER MAESTRANZA - ILLPA","UNIDAD DE PATRIMONIO Y ALMACÉN","CASETA 731","46087346","DAVID CESAR","HUANACUNI","LUPACA","2"
"65","PUNO","PUNO","PAUCARCOLLA","ILLPA","UNIDAD DE PATRIMONIO Y ALMACÉN","POZO TUBULAR","46087346","DAVID CESAR","HUANACUNI","LUPACA","3"
"66","PUNO","PUNO","PAUCARCOLLA","ILLPA","UNIDAD DE PATRIMONIO Y ALMACÉN","MARTILLO ELECTRONICO","46087346","DAVID CESAR","HUANACUNI","LUPACA","1"
"67","PUNO","PUNO","PAUCARCOLLA","ALMACEN TALLER MAESTRANZA - ILLPA","UNIDAD DE PATRIMONIO Y ALMACÉN","CASETA 729","46087346","DAVID CESAR","HUANACUNI","LUPACA","3"
"68","PUNO","PUNO","PAUCARCOLLA","ALMACEN TALLER MAESTRANZA - ILLPA","UNIDAD DE PATRIMONIO Y ALMACÉN","CASETA 723","46087346","DAVID CESAR","HUANACUNI","LUPACA","2"
