item,acta,local,area,oficina,den,estado,dim,marca,modelo,serie,color,obs,tipo,otros,situacion
1,1,SEDE REGIONAL,AREA LEGAL,JEFATURA,MESA DE MADERA,ESTADO,MARCA,DIMENSION,MODELO,SERIE,COLOR,OBS,,,
2,1,SEDE REGIONAL,MEDIO LIBRE,JEFATURA,SILLA DE MADERA,B,MARCA,DIMENSION,MODELO,SERIE,COLOR,OBS,,,
3,1,SEDE REGIONAL,MEDIO LIBRE,JEFATURA,DENOMINACION,ESTADO,MARCA,DIMENSION,MODELO,SERIE,COLOR,OBS,,,
22,3,ALMACEN TALLER MAESTRANZA - ILLPA,CONTROL PATRIMONIAL,ALMACEN GRANDE,CAMILLA DE PLASTICO,M,S/D,S/M,S/M,S/S,NARANJA,,,,
29,24,PRORRIDRE,CONTROL PATRIMONIAL,DIRECCION EJECUTIVA,CUADRO,B,S/D,0.38X0.53,S/M,S/S,,N/A,,,
30,24,PRORRIDRE,CONTROL PATRIMONIAL,DIRECCION EJECUTIVA,CUADRO,B,S/D,0.86X1.07,S/M,S/S,,N/A,,,
31,24,PRORRIDRE,CONTROL PATRIMONIAL,DIRECCION EJECUTIVA,CUADRO,B,S/D,0.53X0.38,S/M,S/S,,N/A,,,
32,24,PRORRIDRE,CONTROL PATRIMONIAL,DIRECCION EJECUTIVA,CUADRO,B,S/D,0.64X0.45,S/M,S/S,,N/A,,,
33,24,PRORRIDRE,CONTROL PATRIMONIAL,DIRECCION EJECUTIVA,CUADRO,B,S/D,0.53.0.38,S/M,S/S,,N/A,,,
35,24,PRORRIDRE,CONTROL PATRIMONIAL,DIRECCION EJECUTIVA,CUADRO,B,S/D,0.59X0.89,S/M,S/S,,N/A,,,
36,24,PRORRIDRE,CONTROL PATRIMONIAL,DIRECCION EJECUTIVA,RUTEADOR DE RED - ROUTER,M,ASKEY MOVISTAR,S/M,P66OHW-T1V2,0002CFCE3D82,NEGRO,N/A,,,
37,24,PRORRIDRE,CONTROL PATRIMONIAL,DIRECCION EJECUTIVA,RUTEADOR DE RED - ROUTER,R,ASKEY MOVISTAR,S/M,RTF8115VW,ASKY00481AB4,PLOMO,N/A,,,
44,27,PRORRIDRE,CONTROL PATRIMONIAL,IMAGEN INSTITUCIONAL,SOPORTE EXPOSITOR DE CARTELES - BANNER STANDS,R,S/D,1X2,S/M,S/S,PLOMO,FUNDA NEGRA,,,
45,27,PRORRIDRE,CONTROL PATRIMONIAL,IMAGEN INSTITUCIONAL,SOPORTE EXPOSITOR DE CARTELES - BANNER STANDS,R,S/D,1X2,S/M,S/S,PLOMO,FUNDA NEGRA,,,
46,27,PRORRIDRE,CONTROL PATRIMONIAL,IMAGEN INSTITUCIONAL,SOPORTE EXPOSITOR DE CARTELES - BANNER STANDS,R,S/D,1X2,S/M,S/S,PLOMO,FUNDA NEGRA,,,
51,28,PRORRIDRE,CONTROL PATRIMONIAL,LABORATORIO DE SUELOS,EQUIPO MULTIPLEXOR,R,S/D,S/M,S/M,S/S,ANARANJADO/NEGRO,N/A,,,
53,28,PRORRIDRE,CONTROL PATRIMONIAL,LABORATORIO DE SUELOS,EQUIPO DE COMPRESION,R,S/D,MAVIN,S/M,E21600355,PLATEADO/AZUL,N/A,,,
54,28,PRORRIDRE,CONTROL PATRIMONIAL,LABORATORIO DE SUELOS,COCINA A GAS,M,1.21X0.48X0.73,OROGAS,S/M,S/S,PLOMO,SIN ETIQUETAS,,,
57,28,PRORRIDRE,CONTROL PATRIMONIAL,LABORATORIO DE SUELOS,RELOJ DE PARED,R,S/D,REGAL,QUARTZ,M5168-Z,PLOMO,N/A,,,
58,35,PRORRIDRE,CONTROL PATRIMONIAL,UNIDAD DE PATRIMONIO Y ALMACEN,TECLADO,N,DATAONE,S/M,4225C,S/S,NEGRO,N/A,,,
59,35,PRORRIDRE,CONTROL PATRIMONIAL,UNIDAD DE PATRIMONIO Y ALMACEN,MARTILLODEMOLEDOR,B,S/D,S/M,D25980,S/S,AMARILLO/NEGRO,N/A,,,
60,35,PRORRIDRE,CONTROL PATRIMONIAL,UNIDAD DE PATRIMONIO Y ALMACEN,PERFORADOR,N,CARL,S/M,123N,S/S,NEGRO,N/A,,,
68,48,PRORRIDRE,CONTROL PATRIMONIAL,CASETA 03,CONDUCTRIMETRO - CONDUCIVIMETRO,R,LUTRON,S/M,PH 208,AD-13467,NEGRO,N/A,,,
71,35,PRORRIDRE,CONTROL PATRIMONIAL,UNIDAD DE PATRIMONIO Y ALMACEN,BOMBA DE SUCCION,R,S/D,S/M,S/M,S/S,ROJO/PLOMO,N/A,,,
72,35,PRORRIDRE,CONTROL PATRIMONIAL,UNIDAD DE PATRIMONIO Y ALMACEN,EQUIPO DE POSICIONAMIENTO,M,GARMIN,S/M,OREGON 650T,S/S,NEGRO/PLOMO,N/A,,,
73,3,ALMACEN TALLER MAESTRANZA - ILLPA,CONTROL PATRIMONIAL,ALMACEN GRANDE,EXTINTOR,R,S/M,S/M,S/M,S/S,ROJO,N/A,,,
74,3,ALMACEN TALLER MAESTRANZA - ILLPA,CONTROL PATRIMONIAL,ALMACEN GRANDE,EXTINTOR,R,S/M,S/M,S/M,S/S,ROJO,N/A,,,
75,3,ALMACEN TALLER MAESTRANZA - ILLPA,CONTROL PATRIMONIAL,ALMACEN GRANDE,EXTINTOR,R,S/M,S/M,S/M,S/S,ROJO,N/A,,,
76,3,ALMACEN TALLER MAESTRANZA - ILLPA,CONTROL PATRIMONIAL,ALMACEN GRANDE,EXTINTOR,R,S/M,S/M,S/M,S/S,ROJO,N/A,,,
78,3,ALMACEN TALLER MAESTRANZA - ILLPA,CONTROL PATRIMONIAL,ALMACEN GRANDE,EXTINTOR,R,S/M,S/M,S/M,S/S,ROJO,N/A,,,
79,7,ALMACEN TALLER MAESTRANZA - ILLPA,CONTROL PATRIMONIAL,CASETA 725,BOMBA DE SUCCION MANUAL,M,S/D,S/M,S/M,S/S,ROJO,N/A,,,
80,9,ALMACEN TALLER MAESTRANZA - ILLPA,CONTROL PATRIMONIAL,CASETA 727,JUEGO DE TAMICES,R,S/D,S/M,S/M,S/S,PLATEADO,N/A,,,
81,10,ALMACEN TALLER MAESTRANZA - ILLPA,CONTROL PATRIMONIAL,CASETA 728,GENERADOR DE PULSOS,R,S/D,S/M,MCZ-2,8307:22,ROJO/VERDE,N/A,,,
82,43,PRORRIDRE,CONTROL PATRIMONIAL,UNIDAD DE PERSONAL,,,S/D,S/M,S/M,S/S,,N/A,,,
83,15,ALMACEN TALLER MAESTRANZA - ILLPA,CONTROL PATRIMONIAL,CASETA 750,COCINA A KEROSENE,M,S/D,S/M,S/M,S/S,PLOMO,OXIDADO,,,
84,15,ALMACEN TALLER MAESTRANZA - ILLPA,CONTROL PATRIMONIAL,CASETA 750,CAMA DE METAL PLEGABLE,M,S/D,S/M,S/M,S/S,AZUL,N/A,,,
85,25,ALMACEN TALLER MAESTRANZA - ILLPA,CONTROL PATRIMONIAL,ESTABLO DE GUARDIAN,,,S/D,S/M,S/M,S/S,,N/A,,,
86,50,PRORRIDRE,DIRECCION DE OBRAS,META N° 02,EXTINTOR,B,S/D,S/M,S/M,S/S,ROJO,N/A,,,
87,50,PRORRIDRE,DIRECCION DE OBRAS,META N° 02,EXTINTOR,B,S/D,S/M,S/M,S/S,ROJO,N/A,,,
88,50,PRORRIDRE,DIRECCION DE OBRAS,META N° 02,CAMILLA DE METAL,B,1.90X0.7,S/M,S/M,S/S,ROJO,N/A,,,
89,3,ALMACEN TALLER MAESTRANZA - ILLPA,CONTROL PATRIMONIAL,ALMACEN GRANDE,BOMBA FUMIGADORA TIPO MOCHILA,R,S/D,JACTO,PJB -20,S/S,AZUL/ANARANJADO,N/A,,,
90,3,ALMACEN TALLER MAESTRANZA - ILLPA,CONTROL PATRIMONIAL,ALMACEN GRANDE,BOMBA FUMIGADORA TIPO MOCHILA,M,S/D,S/M,S/M,S/S,AZUL/ANARANJADO,N/A,,,
91,3,ALMACEN TALLER MAESTRANZA - ILLPA,CONTROL PATRIMONIAL,ALMACEN GRANDE,BOMBA FUMIGADORA TIPO MOCHILA,R,S/D,JPS SUPERIOR,S/M,S/S,AZUL,N/A,,,
92,3,ALMACEN TALLER MAESTRANZA - ILLPA,CONTROL PATRIMONIAL,ALMACEN GRANDE,BOMBA DE SUCCION,R,S/D,TRUPER,S/M,S/S,ANARANJADO,N/A,,,
93,3,ALMACEN TALLER MAESTRANZA - ILLPA,CONTROL PATRIMONIAL,ALMACEN GRANDE,BOMBA DE SUCCION,R,S/D,S/M,S/M,S/S,ROJO,N/A,,,
94,3,ALMACEN TALLER MAESTRANZA - ILLPA,CONTROL PATRIMONIAL,ALMACEN GRANDE,MAQUINA DE MOLDEO POR INYECCION,M,BATTENFELD,S/M,S/M,S/S,ANARANJADO/BLANCO,N/A,,,
95,3,ALMACEN TALLER MAESTRANZA - ILLPA,CONTROL PATRIMONIAL,ALMACEN GRANDE,MAQUINA DE MOLDEO POR INYECCION,M,BATTENFELD,S/M,S/M,S/S,ANARANJADO/BLANCO,N/A,,,
